amount,method,customer_segment,time_of_day,day_of_week,cause_category,previous_failure_count,retry_count,subscription_flag,previous_recovery_history,self_recovered
199900,wallet,returning,10,1,card_expired,4,4,1,0.51,0
1499900,card,churned,5,1,insufficient_funds,10,2,0,0.09,0
149900,card,high_value,11,0,card_expired,5,2,0,0.16,0
299900,netbanking,churned,14,0,insufficient_funds,8,4,0,0.59,0
1499900,netbanking,churned,19,1,ambiguous_timeout,5,3,1,0.69,1
149900,card,high_value,10,6,card_expired,7,2,0,0.02,0
49900,card,new,4,3,bank_server_timeout,0,3,1,0.76,1
199900,card,churned,11,1,generic_decline,7,2,0,0.98,1
999900,card,high_value,20,3,generic_decline,11,2,1,0.48,0
999900,wallet,new,23,2,otp_timeout,6,4,0,0.52,1
99900,wallet,returning,17,1,insufficient_funds,6,3,1,0.46,0
299900,netbanking,high_value,20,1,generic_decline,0,0,0,0.76,1
999900,card,churned,2,3,ambiguous_timeout,3,2,1,0.83,1
49900,upi,returning,16,1,ambiguous_timeout,2,0,1,0.28,1
1499900,wallet,new,7,6,ambiguous_timeout,12,1,1,0.46,0
299900,card,returning,19,3,ambiguous_timeout,10,1,1,0.25,0
499900,upi,new,15,6,insufficient_funds,5,4,1,0.62,0
299900,netbanking,new,5,2,otp_timeout,8,3,0,0.58,0
99900,upi,high_value,7,3,otp_timeout,9,4,1,0.01,1
149900,card,returning,22,0,otp_timeout,9,5,1,0.93,0
49900,upi,returning,5,3,bank_server_timeout,4,0,0,0.61,1
49900,card,new,21,2,card_expired,3,1,0,0.23,0
499900,wallet,high_value,2,6,card_expired,9,5,0,0.0,0
199900,wallet,high_value,13,2,card_expired,3,0,1,0.61,0
49900,upi,churned,16,2,bank_server_timeout,6,4,1,0.21,0
49900,upi,returning,3,4,generic_decline,11,5,0,0.48,0
49900,upi,new,7,4,bank_server_timeout,10,4,0,0.69,0
299900,card,new,4,6,insufficient_funds,7,5,1,0.26,0
299900,upi,high_value,14,1,card_expired,5,5,1,0.69,0
149900,wallet,churned,22,3,insufficient_funds,6,0,1,0.04,0
299900,netbanking,churned,9,5,insufficient_funds,8,2,0,0.15,0
499900,netbanking,high_value,23,4,otp_timeout,8,3,1,0.17,1
99900,netbanking,high_value,10,0,ambiguous_timeout,9,4,1,0.38,0
999900,wallet,churned,1,4,card_expired,10,4,1,0.55,0
299900,card,new,17,3,bank_server_timeout,6,3,0,0.52,0
1499900,upi,high_value,11,4,otp_timeout,11,0,0,0.47,1
1499900,upi,returning,13,6,ambiguous_timeout,11,5,0,0.58,1
499900,upi,new,17,2,otp_timeout,8,1,0,0.62,1
199900,card,high_value,0,1,otp_timeout,8,0,0,0.02,0
299900,netbanking,churned,5,3,insufficient_funds,7,0,1,0.01,0
149900,netbanking,churned,21,3,bank_server_timeout,3,4,0,0.32,0
199900,upi,high_value,1,3,insufficient_funds,6,3,0,0.01,0
199900,netbanking,returning,19,4,otp_timeout,7,2,0,0.07,0
99900,netbanking,churned,9,3,ambiguous_timeout,2,3,0,0.95,0
999900,upi,high_value,17,3,ambiguous_timeout,8,4,1,0.53,0
499900,card,high_value,15,4,generic_decline,12,3,1,0.91,0
999900,netbanking,high_value,19,2,generic_decline,8,4,0,0.98,0
1499900,wallet,high_value,11,5,otp_timeout,2,2,1,0.18,0
99900,card,high_value,16,0,insufficient_funds,10,3,1,0.22,0
199900,netbanking,new,7,0,ambiguous_timeout,11,2,0,0.06,0
499900,card,high_value,14,2,insufficient_funds,5,2,1,0.3,0
299900,wallet,churned,19,4,generic_decline,1,4,1,0.27,0
299900,upi,returning,20,3,card_expired,8,0,0,0.47,0
149900,wallet,churned,2,1,generic_decline,9,5,1,0.31,0
1499900,upi,high_value,15,6,card_expired,6,1,0,0.78,0
149900,netbanking,churned,20,2,ambiguous_timeout,12,1,1,0.34,0
99900,wallet,high_value,3,2,card_expired,8,2,1,0.56,0
49900,wallet,new,5,1,otp_timeout,0,0,0,0.33,0
99900,wallet,new,1,3,otp_timeout,11,2,0,0.25,0
49900,card,new,11,1,card_expired,11,1,1,0.19,0
199900,wallet,new,16,0,ambiguous_timeout,7,0,1,0.04,0
49900,upi,churned,4,3,card_expired,1,3,0,0.44,0
99900,card,high_value,1,3,bank_server_timeout,6,0,1,0.6,1
99900,upi,churned,3,2,card_expired,11,4,1,0.53,0
49900,wallet,churned,21,4,card_expired,9,3,1,0.98,0
49900,card,returning,22,2,bank_server_timeout,4,0,1,0.54,1
49900,upi,new,7,0,generic_decline,3,1,1,0.86,1
499900,wallet,new,2,6,otp_timeout,1,4,1,0.41,0
199900,netbanking,churned,10,3,generic_decline,7,3,1,0.89,0
49900,wallet,churned,2,5,bank_server_timeout,6,2,0,0.0,0
499900,card,new,19,2,generic_decline,8,2,0,0.25,1
499900,card,churned,7,1,card_expired,5,0,0,0.39,0
1499900,card,new,1,5,generic_decline,4,2,1,0.6,0
199900,wallet,high_value,7,4,ambiguous_timeout,5,0,1,0.46,0
49900,card,high_value,1,5,bank_server_timeout,8,3,1,0.5,0
299900,wallet,churned,2,4,bank_server_timeout,9,5,1,0.77,0
99900,upi,high_value,13,6,insufficient_funds,5,0,1,0.67,1
149900,netbanking,returning,9,4,otp_timeout,7,2,0,0.61,0
99900,wallet,new,18,6,card_expired,3,4,0,0.39,0
49900,wallet,new,7,6,card_expired,3,1,0,0.5,0
149900,card,churned,15,4,generic_decline,7,1,0,0.29,0
149900,wallet,churned,20,6,ambiguous_timeout,6,0,0,0.73,0
1499900,netbanking,new,12,4,generic_decline,10,3,1,0.7,0
1499900,wallet,churned,15,4,insufficient_funds,5,0,0,0.19,0
999900,card,returning,20,6,ambiguous_timeout,7,0,0,0.92,1
49900,wallet,churned,1,3,bank_server_timeout,4,2,0,0.33,0
199900,card,churned,1,2,generic_decline,4,2,0,0.01,1
49900,netbanking,churned,17,4,card_expired,3,5,0,0.87,0
499900,netbanking,returning,6,1,ambiguous_timeout,9,1,0,0.27,0
999900,upi,returning,19,0,insufficient_funds,6,3,1,0.53,1
49900,netbanking,churned,13,0,generic_decline,5,5,0,0.58,0
149900,upi,high_value,0,0,card_expired,2,4,0,0.62,0
199900,netbanking,new,22,3,otp_timeout,10,0,1,0.47,1
499900,netbanking,returning,22,4,ambiguous_timeout,8,2,0,0.8,0
149900,netbanking,new,2,0,generic_decline,1,4,1,0.01,1
999900,upi,returning,13,4,otp_timeout,4,5,1,0.13,1
99900,netbanking,new,10,6,card_expired,7,1,0,0.06,0
99900,upi,new,4,2,otp_timeout,10,0,0,0.95,0
499900,wallet,returning,15,5,bank_server_timeout,6,1,0,0.06,1
299900,wallet,high_value,10,0,bank_server_timeout,9,4,0,0.69,1
499900,upi,returning,7,1,insufficient_funds,0,4,0,0.69,0
99900,upi,returning,13,0,bank_server_timeout,6,3,1,0.31,1
299900,wallet,churned,12,3,ambiguous_timeout,3,2,1,0.75,0
1499900,upi,new,7,0,generic_decline,10,4,1,0.05,0
49900,netbanking,returning,22,6,ambiguous_timeout,4,1,0,0.36,0
49900,upi,returning,5,5,bank_server_timeout,1,1,1,0.32,0
299900,wallet,new,22,1,generic_decline,7,4,1,0.7,0
299900,card,returning,16,4,ambiguous_timeout,3,5,1,0.9,0
1499900,card,high_value,11,6,card_expired,0,0,0,0.37,0
99900,card,new,4,1,ambiguous_timeout,0,1,0,0.34,1
99900,wallet,churned,19,3,insufficient_funds,6,1,1,0.09,0
49900,netbanking,new,7,3,otp_timeout,6,1,0,0.41,0
49900,netbanking,high_value,7,5,otp_timeout,4,5,1,0.38,0
149900,wallet,high_value,18,1,insufficient_funds,10,5,0,0.37,0
1499900,upi,high_value,13,4,bank_server_timeout,10,3,1,0.48,0
149900,card,high_value,21,2,ambiguous_timeout,4,0,1,0.21,1
1499900,upi,returning,12,3,otp_timeout,11,0,0,0.31,1
199900,wallet,returning,10,2,otp_timeout,3,5,1,0.41,1
99900,card,new,12,5,ambiguous_timeout,2,3,0,0.03,0
299900,upi,high_value,15,1,generic_decline,3,5,1,0.35,0
299900,upi,churned,8,3,generic_decline,1,3,1,0.74,0
1499900,wallet,churned,14,2,generic_decline,8,1,0,0.35,0
999900,upi,returning,14,3,otp_timeout,11,1,0,0.09,0
499900,netbanking,new,13,5,card_expired,4,1,0,0.44,0
199900,upi,high_value,5,4,otp_timeout,11,3,1,0.38,1
149900,netbanking,returning,7,3,card_expired,6,0,1,0.97,0
299900,upi,churned,6,5,otp_timeout,4,1,1,0.86,1
299900,wallet,returning,12,3,generic_decline,10,1,1,0.21,0
99900,card,high_value,22,6,bank_server_timeout,8,2,0,0.84,0
999900,card,new,6,4,otp_timeout,5,2,0,0.73,1
99900,upi,churned,9,4,card_expired,4,1,1,0.65,0
99900,card,churned,5,6,ambiguous_timeout,6,4,1,0.99,0
149900,wallet,returning,23,6,otp_timeout,6,0,1,0.51,0
499900,wallet,churned,7,6,otp_timeout,1,2,1,0.24,1
999900,upi,high_value,0,3,generic_decline,9,4,0,0.23,0
499900,card,churned,14,6,otp_timeout,8,1,0,0.07,0
49900,upi,churned,12,5,card_expired,2,0,0,0.41,0
999900,upi,churned,17,4,card_expired,0,2,0,0.04,0
99900,netbanking,churned,23,0,card_expired,10,3,1,0.62,0
49900,netbanking,new,15,3,insufficient_funds,0,0,1,0.35,1
99900,upi,churned,15,3,bank_server_timeout,11,2,1,0.41,0
1499900,card,new,23,1,generic_decline,7,4,0,0.35,0
999900,upi,high_value,2,3,ambiguous_timeout,5,1,0,0.55,0
149900,upi,returning,23,1,bank_server_timeout,9,2,1,0.1,1
999900,upi,returning,3,6,card_expired,3,4,0,0.13,0
299900,upi,returning,9,0,bank_server_timeout,9,5,0,0.26,0
499900,card,churned,22,3,generic_decline,6,2,1,0.54,0
299900,netbanking,new,6,3,bank_server_timeout,7,1,1,0.98,1
49900,upi,high_value,16,2,insufficient_funds,8,0,1,0.39,1
49900,netbanking,high_value,4,4,generic_decline,4,2,0,0.93,0
99900,wallet,high_value,17,0,ambiguous_timeout,6,0,0,0.53,0
499900,netbanking,churned,12,3,insufficient_funds,3,0,0,0.48,0
999900,netbanking,returning,19,4,ambiguous_timeout,12,0,0,0.74,0
499900,card,returning,5,5,otp_timeout,4,5,1,0.28,0
99900,wallet,high_value,1,3,generic_decline,6,2,1,0.02,0
99900,card,high_value,9,2,ambiguous_timeout,1,3,1,0.87,0
199900,upi,returning,2,1,otp_timeout,7,4,1,0.69,0
499900,card,returning,1,0,bank_server_timeout,6,2,0,0.15,1
299900,netbanking,returning,12,3,bank_server_timeout,6,5,0,0.06,0
999900,upi,high_value,2,2,generic_decline,3,5,1,0.78,0
99900,card,churned,8,4,bank_server_timeout,3,2,0,0.33,1
999900,netbanking,returning,3,6,insufficient_funds,4,0,1,0.65,0
99900,netbanking,churned,4,1,card_expired,8,3,0,0.85,0
99900,netbanking,returning,23,5,otp_timeout,1,0,0,0.24,1
149900,wallet,high_value,13,6,bank_server_timeout,3,4,0,1.0,1
149900,wallet,returning,1,0,bank_server_timeout,9,3,0,0.95,0
299900,upi,churned,10,3,insufficient_funds,12,1,1,0.35,0
49900,card,high_value,22,1,card_expired,7,4,0,0.92,0
149900,netbanking,high_value,14,4,ambiguous_timeout,3,5,1,0.48,1
1499900,upi,returning,16,5,ambiguous_timeout,9,2,0,0.73,1
999900,card,new,12,0,bank_server_timeout,10,2,0,0.62,1
199900,upi,returning,2,3,bank_server_timeout,10,2,0,0.12,0
149900,netbanking,churned,17,4,generic_decline,7,1,1,0.99,0
299900,upi,churned,2,3,generic_decline,8,3,1,0.83,0
299900,wallet,churned,0,2,ambiguous_timeout,7,5,0,0.77,0
299900,wallet,returning,9,6,ambiguous_timeout,6,4,1,0.81,1
99900,upi,returning,13,3,generic_decline,1,0,0,0.92,0
99900,wallet,returning,4,1,ambiguous_timeout,12,5,0,0.82,0
499900,upi,high_value,11,4,generic_decline,5,4,0,0.48,0
149900,wallet,returning,0,3,insufficient_funds,6,1,0,0.5,0
1499900,upi,high_value,5,4,card_expired,7,1,0,0.25,0
199900,card,new,22,6,ambiguous_timeout,8,0,0,0.85,1
199900,card,new,13,1,otp_timeout,3,3,0,0.89,1
299900,netbanking,high_value,2,6,card_expired,4,0,1,0.04,0
149900,card,returning,2,1,ambiguous_timeout,5,0,0,0.66,1
149900,upi,churned,12,0,insufficient_funds,11,5,0,0.21,0
1499900,upi,new,15,4,otp_timeout,10,5,1,0.73,1
499900,netbanking,returning,19,0,bank_server_timeout,7,3,1,0.04,1
99900,wallet,new,4,1,card_expired,12,1,0,0.53,0
99900,card,new,21,1,card_expired,7,1,0,0.86,0
999900,card,churned,4,5,card_expired,0,0,0,0.85,1
999900,netbanking,new,1,2,generic_decline,6,0,1,0.27,0
999900,wallet,new,14,5,bank_server_timeout,0,3,0,0.22,1
999900,netbanking,new,8,4,otp_timeout,11,0,1,0.94,0
299900,wallet,new,7,2,insufficient_funds,9,5,0,0.92,0
149900,netbanking,high_value,8,6,bank_server_timeout,3,4,1,0.94,1
149900,upi,returning,10,6,generic_decline,8,3,0,0.68,0
999900,netbanking,returning,19,5,generic_decline,1,1,0,0.09,0
199900,upi,new,13,0,otp_timeout,11,0,0,0.15,0
299900,netbanking,returning,6,4,insufficient_funds,7,1,0,0.44,0
99900,card,churned,3,3,insufficient_funds,3,4,0,0.78,0
499900,upi,returning,16,6,otp_timeout,12,5,0,0.95,0
499900,upi,churned,23,3,generic_decline,12,0,0,0.81,0
299900,wallet,returning,7,2,ambiguous_timeout,10,1,1,0.79,1
499900,wallet,high_value,16,3,ambiguous_timeout,0,4,1,0.24,0
49900,upi,high_value,1,5,bank_server_timeout,12,2,0,0.4,0
49900,card,new,9,2,generic_decline,0,1,1,0.21,0
299900,card,new,22,3,bank_server_timeout,4,2,1,0.62,1
1499900,card,new,9,4,generic_decline,9,1,0,0.44,0
99900,wallet,new,2,0,bank_server_timeout,12,5,0,0.15,0
149900,netbanking,churned,20,6,ambiguous_timeout,12,0,0,0.97,0
299900,wallet,returning,12,1,card_expired,2,0,0,0.9,0
299900,netbanking,churned,14,2,ambiguous_timeout,2,3,0,0.45,0
49900,wallet,high_value,12,6,insufficient_funds,7,1,1,0.52,0
99900,netbanking,new,10,6,card_expired,12,3,0,0.04,0
199900,wallet,churned,23,3,ambiguous_timeout,9,4,0,0.32,0
199900,netbanking,high_value,18,1,bank_server_timeout,10,5,1,0.56,1
99900,upi,churned,16,3,otp_timeout,2,5,0,0.4,1
149900,wallet,returning,10,3,ambiguous_timeout,5,4,0,0.12,1
99900,upi,churned,10,3,insufficient_funds,11,2,0,0.44,0
49900,wallet,high_value,6,0,insufficient_funds,0,4,0,0.53,0
49900,netbanking,high_value,13,5,insufficient_funds,8,5,0,0.48,0
149900,netbanking,returning,6,5,ambiguous_timeout,3,1,0,0.5,0
199900,netbanking,new,21,6,bank_server_timeout,12,5,1,0.08,1
299900,wallet,new,14,6,insufficient_funds,10,5,0,0.15,0
1499900,upi,returning,8,2,bank_server_timeout,3,4,0,0.53,1
999900,upi,new,18,0,card_expired,12,3,1,0.55,0
99900,upi,high_value,0,5,card_expired,12,4,1,0.28,0
499900,card,churned,15,3,insufficient_funds,8,2,1,0.14,0
49900,upi,returning,2,5,ambiguous_timeout,0,1,1,0.66,1
1499900,upi,high_value,23,3,otp_timeout,7,2,1,0.88,0
149900,netbanking,returning,5,1,generic_decline,3,3,0,0.82,1
499900,upi,new,15,1,generic_decline,11,4,0,0.6,1
199900,netbanking,new,19,0,generic_decline,11,4,0,0.66,0
149900,card,returning,10,6,insufficient_funds,3,1,1,0.64,0
99900,wallet,returning,14,2,insufficient_funds,4,2,1,0.46,0
49900,netbanking,high_value,6,2,generic_decline,0,0,0,0.93,0
499900,netbanking,new,5,6,generic_decline,6,4,0,0.32,0
149900,netbanking,new,19,4,bank_server_timeout,2,4,1,0.35,0
999900,netbanking,new,18,2,otp_timeout,10,5,1,0.76,1
99900,netbanking,churned,19,3,otp_timeout,6,4,1,0.41,0
1499900,upi,new,14,2,insufficient_funds,1,3,1,0.19,0
1499900,card,high_value,10,5,ambiguous_timeout,10,3,1,0.16,1
1499900,upi,new,18,2,insufficient_funds,9,1,0,0.78,0
99900,wallet,returning,21,0,generic_decline,2,2,0,0.39,1
49900,netbanking,churned,19,0,generic_decline,6,3,0,0.57,0
1499900,card,churned,17,6,ambiguous_timeout,10,4,0,0.85,0
499900,card,churned,13,5,card_expired,5,0,1,0.29,0
499900,wallet,returning,2,6,generic_decline,12,4,1,0.35,0
299900,upi,returning,23,4,card_expired,3,0,1,0.72,0
499900,upi,new,2,5,card_expired,3,0,0,0.35,0
499900,netbanking,high_value,14,2,otp_timeout,6,5,0,0.3,0
99900,netbanking,new,21,2,ambiguous_timeout,6,3,0,0.75,0
499900,card,high_value,18,6,insufficient_funds,5,1,1,0.07,0
49900,upi,returning,22,1,insufficient_funds,10,2,0,0.88,0
99900,wallet,high_value,3,3,bank_server_timeout,11,0,1,0.13,1
999900,upi,returning,18,0,insufficient_funds,4,4,1,0.09,0
199900,card,churned,22,0,otp_timeout,1,2,0,0.38,0
999900,wallet,new,8,1,generic_decline,7,0,1,0.04,0
499900,netbanking,high_value,12,0,card_expired,10,0,1,0.29,0
99900,netbanking,churned,21,2,insufficient_funds,10,1,0,0.15,0
499900,upi,returning,13,6,card_expired,11,3,0,0.66,0
299900,netbanking,high_value,15,2,generic_decline,8,0,1,0.4,0
499900,upi,high_value,11,5,insufficient_funds,2,4,1,0.18,0
199900,netbanking,high_value,17,1,generic_decline,6,3,1,0.42,0
199900,upi,new,4,5,generic_decline,1,2,1,0.07,1
499900,netbanking,new,1,6,ambiguous_timeout,11,2,1,0.23,0
1499900,card,high_value,17,3,otp_timeout,10,5,0,0.18,0
199900,netbanking,high_value,22,1,bank_server_timeout,8,3,0,0.74,1
1499900,wallet,returning,20,4,otp_timeout,11,5,0,0.55,0
499900,netbanking,high_value,0,4,generic_decline,5,3,1,0.82,0
99900,card,returning,11,5,card_expired,4,4,0,0.71,0
99900,netbanking,returning,8,2,ambiguous_timeout,10,2,1,0.26,1
199900,netbanking,churned,10,3,card_expired,8,5,1,0.86,0
149900,upi,high_value,1,1,bank_server_timeout,3,2,0,0.32,1
299900,upi,high_value,2,6,generic_decline,8,3,1,0.34,0
299900,card,returning,0,6,ambiguous_timeout,7,4,1,0.1,0
499900,wallet,returning,23,0,card_expired,8,2,1,0.58,0
199900,card,churned,9,4,insufficient_funds,8,1,0,0.89,0
199900,card,new,11,1,generic_decline,6,2,0,0.34,0
299900,wallet,high_value,0,5,bank_server_timeout,5,2,1,0.83,1
299900,wallet,churned,20,0,otp_timeout,5,1,0,0.28,0
49900,card,churned,8,3,bank_server_timeout,2,3,0,0.62,0
99900,wallet,high_value,20,5,otp_timeout,10,4,1,0.94,1
499900,card,churned,2,6,ambiguous_timeout,7,2,0,0.18,1
499900,upi,new,12,5,card_expired,9,1,0,0.06,0
999900,netbanking,churned,13,1,otp_timeout,4,4,0,0.13,0
499900,wallet,churned,11,0,generic_decline,11,1,1,0.54,0
199900,card,high_value,2,0,insufficient_funds,1,0,0,0.03,1
199900,wallet,high_value,7,2,generic_decline,2,0,0,0.53,0
999900,netbanking,high_value,14,5,card_expired,6,3,1,0.02,0
999900,upi,churned,18,3,generic_decline,6,5,0,0.55,0
49900,card,returning,4,5,otp_timeout,5,4,0,0.59,1
999900,card,returning,15,3,card_expired,3,0,0,0.13,0
999900,upi,returning,23,0,generic_decline,3,4,1,0.98,0
49900,netbanking,returning,2,0,ambiguous_timeout,10,0,1,0.68,0
499900,wallet,high_value,5,5,card_expired,8,5,1,0.22,0
99900,netbanking,returning,9,5,generic_decline,7,4,0,0.09,0
99900,netbanking,returning,12,0,ambiguous_timeout,10,3,1,0.0,0
999900,upi,returning,19,6,generic_decline,10,0,1,0.39,0
99900,netbanking,returning,9,6,insufficient_funds,12,0,0,0.78,0
499900,upi,high_value,21,5,card_expired,10,0,1,0.92,1
149900,netbanking,new,11,6,bank_server_timeout,8,5,1,0.22,1
99900,upi,returning,21,4,bank_server_timeout,2,5,0,0.76,1
149900,upi,new,6,4,card_expired,2,5,0,0.63,0
49900,card,returning,14,6,ambiguous_timeout,6,3,0,0.48,0
1499900,card,churned,15,2,generic_decline,2,2,1,0.96,0
999900,card,high_value,1,6,otp_timeout,11,0,1,0.88,1
999900,netbanking,new,18,1,otp_timeout,10,1,1,0.84,0
999900,card,new,21,2,ambiguous_timeout,10,5,1,0.86,1
199900,upi,high_value,6,5,bank_server_timeout,7,3,1,0.21,1
199900,wallet,returning,8,0,ambiguous_timeout,4,0,0,0.09,0
999900,wallet,high_value,2,5,card_expired,12,1,1,0.45,0
1499900,wallet,returning,6,1,insufficient_funds,9,3,0,0.08,1
499900,wallet,new,0,5,generic_decline,9,5,1,0.55,0
49900,card,returning,8,6,generic_decline,6,5,0,0.39,0
499900,netbanking,churned,10,4,bank_server_timeout,5,0,0,0.97,1
99900,wallet,churned,2,3,otp_timeout,0,1,1,0.7,0
499900,wallet,returning,6,1,ambiguous_timeout,4,2,1,0.88,1
199900,card,churned,11,2,insufficient_funds,10,4,0,0.85,0
199900,upi,returning,21,6,card_expired,10,5,0,0.27,0
199900,upi,new,0,6,otp_timeout,10,3,1,0.25,1
199900,netbanking,churned,5,3,card_expired,5,2,1,0.08,0
299900,upi,new,8,4,bank_server_timeout,9,0,0,0.17,1
999900,upi,churned,7,4,otp_timeout,0,2,0,0.64,0
299900,card,high_value,14,5,otp_timeout,9,0,1,0.84,0
999900,wallet,churned,22,3,bank_server_timeout,11,5,0,0.39,1
149900,netbanking,churned,2,5,otp_timeout,8,4,1,0.38,0
149900,wallet,new,13,5,card_expired,8,4,1,0.02,0
199900,wallet,high_value,14,4,generic_decline,4,4,1,0.12,0
199900,netbanking,returning,10,5,bank_server_timeout,1,3,0,0.55,0
149900,card,churned,14,4,insufficient_funds,1,0,1,0.33,0
499900,netbanking,new,14,3,insufficient_funds,10,0,0,0.75,0
199900,wallet,new,9,0,insufficient_funds,2,4,1,0.8,0
199900,wallet,high_value,16,2,generic_decline,4,5,1,0.41,0
49900,netbanking,high_value,11,1,generic_decline,11,2,1,0.92,0
499900,upi,new,3,0,insufficient_funds,4,2,1,0.89,0
99900,card,new,12,3,ambiguous_timeout,1,1,0,0.04,1
999900,upi,high_value,5,6,insufficient_funds,11,5,0,0.24,0
149900,upi,high_value,2,3,ambiguous_timeout,12,2,1,0.62,0
1499900,card,churned,4,5,insufficient_funds,6,4,0,0.88,0
1499900,upi,returning,14,0,generic_decline,1,0,1,0.31,0
299900,upi,churned,12,5,generic_decline,8,3,0,0.89,1
149900,card,new,0,3,insufficient_funds,0,3,0,0.25,0
999900,upi,high_value,21,2,insufficient_funds,5,1,0,0.74,0
149900,upi,churned,9,0,insufficient_funds,4,5,1,0.12,0
999900,card,new,4,0,insufficient_funds,10,0,0,0.27,0
1499900,wallet,high_value,3,5,bank_server_timeout,8,0,1,0.25,1
999900,card,new,17,4,otp_timeout,4,5,0,0.31,1
49900,card,high_value,2,3,insufficient_funds,6,1,1,0.62,0
49900,upi,returning,12,6,insufficient_funds,6,5,1,0.55,0
299900,netbanking,returning,7,3,card_expired,5,2,0,0.15,0
99900,netbanking,high_value,5,6,insufficient_funds,6,2,1,0.96,0
199900,netbanking,high_value,5,0,card_expired,5,2,0,0.65,0
299900,wallet,returning,22,6,insufficient_funds,2,0,1,0.62,0
299900,upi,new,10,0,ambiguous_timeout,10,1,0,0.78,1
99900,card,churned,10,2,insufficient_funds,3,5,0,0.96,0
1499900,card,churned,9,4,bank_server_timeout,1,5,0,0.43,0
1499900,card,high_value,11,6,ambiguous_timeout,4,4,0,0.62,1
199900,wallet,high_value,11,4,ambiguous_timeout,1,4,0,0.73,0
149900,wallet,new,16,4,bank_server_timeout,12,5,0,0.29,1
1499900,wallet,new,10,2,bank_server_timeout,10,0,0,0.36,1
499900,upi,churned,14,5,generic_decline,1,2,0,0.08,0
99900,netbanking,churned,15,6,insufficient_funds,3,2,1,0.61,0
149900,upi,churned,6,5,ambiguous_timeout,6,0,0,0.21,0
299900,wallet,high_value,0,5,card_expired,6,5,0,0.25,0
499900,wallet,returning,8,6,ambiguous_timeout,12,2,0,0.36,0
99900,wallet,returning,15,5,bank_server_timeout,9,3,1,0.3,0
149900,upi,returning,14,5,otp_timeout,2,1,1,0.12,1
199900,wallet,high_value,0,6,insufficient_funds,5,5,0,0.58,0
299900,card,returning,8,3,bank_server_timeout,11,2,0,0.87,1
99900,card,new,20,6,ambiguous_timeout,3,3,1,0.89,1
149900,netbanking,churned,2,2,otp_timeout,5,5,1,0.36,0
49900,card,new,6,4,card_expired,9,3,0,0.55,0
1499900,upi,new,3,0,ambiguous_timeout,12,2,0,0.23,0
199900,wallet,churned,17,6,insufficient_funds,9,3,0,0.79,0
149900,card,churned,10,3,ambiguous_timeout,9,5,0,0.31,0
199900,card,churned,0,1,bank_server_timeout,2,5,0,0.46,0
149900,card,new,1,1,ambiguous_timeout,7,1,0,0.83,0
999900,card,high_value,9,5,ambiguous_timeout,7,0,1,0.0,0
499900,upi,churned,21,2,insufficient_funds,7,5,1,0.65,0
149900,netbanking,churned,5,3,ambiguous_timeout,4,0,0,0.26,0
499900,netbanking,new,3,1,otp_timeout,9,5,0,0.88,1
49900,card,high_value,20,5,otp_timeout,6,2,0,0.3,0
49900,upi,churned,20,0,ambiguous_timeout,7,4,0,0.59,0
1499900,upi,high_value,22,6,generic_decline,2,1,1,0.52,1
149900,wallet,churned,13,3,otp_timeout,12,1,1,0.06,1
199900,netbanking,new,23,0,insufficient_funds,5,1,1,0.28,0
149900,card,returning,16,1,bank_server_timeout,7,1,0,0.57,1
199900,netbanking,churned,18,3,ambiguous_timeout,5,0,0,0.57,0
99900,upi,churned,20,0,generic_decline,12,0,0,0.09,0
49900,netbanking,churned,14,0,generic_decline,4,3,0,0.69,0
49900,wallet,high_value,16,0,bank_server_timeout,4,2,1,1.0,1
99900,wallet,churned,13,5,card_expired,11,1,1,0.61,0
99900,netbanking,churned,5,6,insufficient_funds,2,4,1,0.85,0
299900,wallet,returning,8,1,otp_timeout,3,2,1,0.0,0
1499900,upi,churned,7,3,bank_server_timeout,12,4,1,0.03,0
499900,card,high_value,22,0,card_expired,10,4,0,0.8,0
99900,card,high_value,11,6,generic_decline,3,5,0,0.1,0
299900,netbanking,high_value,11,0,otp_timeout,8,0,1,0.12,0
999900,netbanking,high_value,12,3,bank_server_timeout,9,2,0,0.43,0
999900,card,churned,23,6,ambiguous_timeout,3,0,0,0.09,0
49900,card,new,0,1,otp_timeout,8,0,0,0.04,0
299900,card,churned,23,6,insufficient_funds,12,3,0,0.88,0
1499900,netbanking,churned,0,2,generic_decline,1,5,1,0.37,0
499900,card,high_value,7,3,generic_decline,4,3,0,0.81,0
149900,wallet,returning,17,4,insufficient_funds,3,2,0,0.97,1
299900,card,high_value,0,1,ambiguous_timeout,11,2,1,0.24,0
199900,wallet,churned,14,1,ambiguous_timeout,6,0,0,0.95,1
1499900,wallet,new,20,4,card_expired,4,5,1,0.48,0
99900,card,churned,15,5,bank_server_timeout,3,5,0,0.03,0
49900,upi,high_value,22,0,bank_server_timeout,8,2,0,0.76,1
99900,wallet,new,14,6,ambiguous_timeout,0,3,1,0.69,0
499900,upi,new,23,6,generic_decline,5,4,1,0.44,0
149900,wallet,returning,12,4,card_expired,9,1,0,0.27,0
99900,netbanking,churned,21,5,otp_timeout,4,3,0,0.26,1
49900,card,new,8,1,insufficient_funds,0,0,1,0.51,0
1499900,upi,high_value,16,2,bank_server_timeout,9,0,0,0.13,0
499900,upi,high_value,3,4,otp_timeout,8,2,0,0.61,1
199900,netbanking,new,6,4,otp_timeout,6,0,0,0.41,1
99900,upi,churned,19,2,generic_decline,10,5,1,0.68,0
999900,netbanking,returning,13,4,otp_timeout,4,4,0,0.22,0
299900,upi,returning,5,3,card_expired,11,0,0,0.96,0
199900,upi,churned,22,2,generic_decline,0,0,1,0.6,0
199900,card,churned,12,5,ambiguous_timeout,6,3,0,0.76,1
299900,wallet,new,20,5,card_expired,8,3,0,0.27,0
999900,netbanking,returning,22,5,otp_timeout,2,0,1,0.33,0
499900,netbanking,returning,7,3,ambiguous_timeout,5,4,1,0.99,0
999900,wallet,churned,2,4,otp_timeout,4,1,1,0.92,0
49900,card,returning,15,2,generic_decline,10,1,0,0.25,1
999900,upi,new,18,0,card_expired,2,4,1,0.92,0
99900,netbanking,churned,20,2,bank_server_timeout,9,1,0,0.54,0
149900,wallet,churned,21,5,insufficient_funds,5,0,0,0.37,1
49900,wallet,new,4,4,otp_timeout,6,5,1,0.26,0
99900,netbanking,churned,9,6,generic_decline,2,4,1,0.26,0
1499900,wallet,churned,22,2,ambiguous_timeout,9,2,0,0.76,0
499900,upi,high_value,15,5,insufficient_funds,11,3,1,0.73,0
1499900,card,new,22,4,card_expired,2,2,0,0.25,0
99900,upi,returning,9,4,generic_decline,5,4,1,0.05,1
99900,upi,high_value,22,2,ambiguous_timeout,3,4,0,0.64,0
999900,upi,returning,6,2,ambiguous_timeout,0,3,1,0.39,0
199900,card,returning,4,3,bank_server_timeout,11,1,1,0.18,0
149900,wallet,returning,7,4,otp_timeout,11,5,0,0.39,1
49900,card,returning,13,4,bank_server_timeout,6,3,0,0.06,1
999900,netbanking,churned,5,3,insufficient_funds,8,1,1,0.55,0
49900,upi,returning,8,1,ambiguous_timeout,9,4,1,0.18,0
199900,card,high_value,13,1,card_expired,9,1,1,0.97,0
499900,wallet,new,14,3,otp_timeout,10,4,1,0.11,1
99900,upi,returning,18,0,ambiguous_timeout,12,2,0,0.98,1
499900,upi,new,8,2,otp_timeout,11,4,1,0.44,0
299900,card,returning,9,1,bank_server_timeout,4,3,0,0.86,0
99900,upi,returning,23,4,card_expired,10,3,0,0.51,0
199900,card,churned,23,4,insufficient_funds,7,4,0,0.93,0
499900,upi,new,21,1,card_expired,0,3,0,0.47,0
149900,netbanking,new,12,3,insufficient_funds,10,1,0,0.1,0
499900,wallet,high_value,13,5,otp_timeout,9,4,0,0.07,0
149900,wallet,churned,13,4,insufficient_funds,6,3,1,0.05,0
1499900,netbanking,returning,8,1,card_expired,0,1,1,0.06,0
999900,netbanking,churned,13,3,card_expired,1,0,1,0.1,0
999900,netbanking,new,0,0,bank_server_timeout,9,4,0,0.98,1
49900,card,high_value,18,4,card_expired,3,2,1,0.59,0
299900,netbanking,high_value,14,5,bank_server_timeout,9,4,1,0.39,0
199900,wallet,new,4,2,bank_server_timeout,11,3,1,0.27,1
999900,card,new,22,0,generic_decline,4,1,0,0.47,0
199900,upi,new,9,2,ambiguous_timeout,11,3,1,0.12,0
149900,card,new,4,1,ambiguous_timeout,1,5,0,0.39,0
199900,upi,returning,1,6,bank_server_timeout,1,3,1,0.73,1
49900,upi,returning,0,0,bank_server_timeout,9,0,1,0.22,0
499900,upi,new,17,4,otp_timeout,3,2,1,0.73,0
1499900,card,returning,2,0,generic_decline,2,1,0,0.52,0
149900,wallet,high_value,11,0,otp_timeout,11,5,0,0.52,0
499900,upi,new,13,4,ambiguous_timeout,2,5,0,0.86,1
49900,wallet,churned,5,6,ambiguous_timeout,7,0,0,0.07,0
499900,upi,churned,13,6,card_expired,5,1,1,0.57,0
1499900,upi,high_value,16,6,otp_timeout,3,2,0,0.5,1
499900,netbanking,returning,7,2,card_expired,0,0,0,0.51,0
1499900,card,high_value,3,2,card_expired,6,0,1,0.53,0
999900,card,churned,13,2,generic_decline,1,4,0,0.44,0
99900,upi,new,16,3,ambiguous_timeout,12,2,0,0.14,1
149900,netbanking,new,20,4,insufficient_funds,4,0,1,0.57,0
1499900,upi,returning,1,0,bank_server_timeout,12,2,0,0.73,0
99900,netbanking,churned,17,2,generic_decline,11,1,0,0.21,0
99900,wallet,churned,17,6,ambiguous_timeout,4,3,0,0.26,0
199900,netbanking,high_value,16,1,insufficient_funds,8,5,1,0.35,0
149900,wallet,high_value,1,5,generic_decline,5,1,1,0.27,0
999900,wallet,returning,21,0,card_expired,8,2,1,0.23,0
499900,netbanking,churned,3,0,insufficient_funds,12,5,0,0.45,0
499900,netbanking,returning,11,1,insufficient_funds,11,1,0,0.13,0
149900,upi,returning,16,0,ambiguous_timeout,9,5,1,0.02,0
999900,upi,high_value,22,3,ambiguous_timeout,7,2,0,0.97,0
49900,netbanking,churned,2,1,insufficient_funds,6,2,1,0.98,0
1499900,netbanking,high_value,2,5,insufficient_funds,2,5,0,0.53,0
299900,card,returning,3,4,insufficient_funds,11,3,0,0.08,0
49900,upi,churned,5,5,card_expired,9,5,0,0.12,0
99900,wallet,high_value,9,2,ambiguous_timeout,6,2,1,0.73,0
299900,netbanking,returning,21,1,otp_timeout,7,5,1,0.25,0
99900,netbanking,high_value,0,6,generic_decline,9,4,0,0.74,0
49900,card,churned,10,6,insufficient_funds,11,0,1,0.12,0
99900,netbanking,churned,18,4,card_expired,5,2,0,0.75,0
99900,card,churned,10,0,bank_server_timeout,8,5,1,0.28,0
49900,wallet,new,8,2,otp_timeout,3,2,1,0.71,1
999900,wallet,new,2,4,ambiguous_timeout,4,5,1,0.58,0
199900,netbanking,returning,15,4,ambiguous_timeout,4,1,1,0.04,1
999900,wallet,new,3,5,ambiguous_timeout,7,2,1,0.55,0
1499900,card,new,3,3,card_expired,4,5,0,0.03,0
99900,card,new,15,4,ambiguous_timeout,5,1,0,0.93,1
499900,netbanking,high_value,21,3,ambiguous_timeout,12,1,1,0.29,0
149900,upi,returning,8,1,bank_server_timeout,3,2,0,0.77,1
499900,wallet,churned,2,5,ambiguous_timeout,10,5,0,0.13,0
499900,card,high_value,18,2,bank_server_timeout,5,5,1,0.83,0
999900,wallet,churned,13,5,bank_server_timeout,0,1,0,0.85,0
149900,netbanking,new,6,3,insufficient_funds,0,4,1,0.08,0
149900,upi,churned,17,2,insufficient_funds,8,4,0,0.59,0
199900,netbanking,returning,0,0,otp_timeout,2,1,1,0.98,1
99900,netbanking,new,20,0,generic_decline,8,2,1,0.08,0
499900,upi,churned,2,1,generic_decline,5,1,0,0.94,0
1499900,card,returning,23,6,ambiguous_timeout,12,3,0,0.23,0
499900,card,churned,0,2,ambiguous_timeout,4,4,0,0.7,0
1499900,wallet,high_value,3,6,card_expired,0,2,0,0.56,0
49900,wallet,high_value,7,3,ambiguous_timeout,6,4,0,0.79,0
299900,netbanking,high_value,2,3,card_expired,10,4,0,0.33,0
1499900,netbanking,new,2,1,bank_server_timeout,11,4,1,0.61,0
199900,wallet,returning,2,5,bank_server_timeout,11,2,0,0.71,1
999900,netbanking,new,4,4,card_expired,2,2,0,0.73,0
499900,netbanking,high_value,20,4,bank_server_timeout,7,0,0,0.23,1
1499900,wallet,new,5,0,otp_timeout,10,1,0,0.89,1
149900,netbanking,high_value,3,3,ambiguous_timeout,6,2,0,0.93,1
49900,wallet,new,4,1,ambiguous_timeout,10,3,1,0.77,1
149900,card,high_value,22,2,insufficient_funds,0,0,1,0.8,0
149900,card,high_value,0,0,ambiguous_timeout,1,5,0,0.46,0
299900,wallet,churned,0,1,bank_server_timeout,6,5,0,0.1,1
199900,card,high_value,16,2,ambiguous_timeout,11,2,1,0.04,1
299900,wallet,high_value,21,1,card_expired,11,0,1,0.74,0
1499900,card,new,2,2,generic_decline,10,0,1,0.2,0
299900,wallet,churned,9,3,generic_decline,12,3,0,0.32,1
299900,upi,high_value,11,5,ambiguous_timeout,7,3,0,0.45,1
999900,card,churned,18,4,bank_server_timeout,3,1,0,0.47,0
99900,wallet,new,1,5,ambiguous_timeout,3,2,1,0.68,1
299900,card,new,19,3,generic_decline,0,2,1,0.42,1
299900,card,churned,3,6,insufficient_funds,3,0,1,0.51,0
149900,upi,returning,22,4,ambiguous_timeout,0,5,0,0.75,1
299900,card,returning,2,5,card_expired,4,0,0,0.45,0
49900,card,churned,17,1,otp_timeout,3,0,0,0.06,0
99900,upi,returning,8,6,ambiguous_timeout,6,2,0,0.11,1
999900,wallet,new,8,4,generic_decline,10,1,1,0.37,0
199900,card,new,0,2,otp_timeout,5,5,1,0.55,0
199900,wallet,high_value,6,0,insufficient_funds,10,2,0,1.0,0
99900,netbanking,returning,9,2,generic_decline,11,3,0,0.2,0
999900,upi,churned,16,0,ambiguous_timeout,10,2,1,0.82,0
499900,netbanking,returning,1,6,ambiguous_timeout,10,2,0,0.66,0
1499900,netbanking,churned,9,1,ambiguous_timeout,9,2,1,0.26,0
299900,wallet,churned,3,6,ambiguous_timeout,3,2,0,0.36,0
499900,upi,churned,2,0,ambiguous_timeout,6,5,0,0.52,0
199900,upi,churned,13,5,ambiguous_timeout,1,0,0,0.57,0
199900,upi,new,15,0,card_expired,5,5,1,0.94,1
1499900,wallet,churned,0,0,ambiguous_timeout,6,4,0,0.75,0
99900,card,churned,10,2,otp_timeout,11,3,1,0.44,1
1499900,netbanking,churned,4,6,otp_timeout,2,3,1,0.66,1
499900,card,churned,22,6,ambiguous_timeout,11,5,1,0.49,0
299900,card,new,7,1,ambiguous_timeout,2,5,0,0.68,1
999900,wallet,returning,0,1,ambiguous_timeout,8,4,0,0.65,0
49900,card,high_value,9,0,ambiguous_timeout,8,3,1,0.01,0
199900,netbanking,new,8,1,ambiguous_timeout,7,2,0,0.92,0
99900,upi,churned,22,0,insufficient_funds,3,2,0,0.83,0
299900,card,churned,3,6,otp_timeout,2,4,0,0.84,0
149900,card,high_value,16,4,card_expired,7,1,1,0.33,0
299900,card,high_value,1,0,otp_timeout,11,2,1,0.37,0
199900,netbanking,churned,9,6,otp_timeout,4,2,1,0.98,0
49900,netbanking,high_value,12,5,ambiguous_timeout,6,5,1,0.56,1
1499900,upi,high_value,9,2,bank_server_timeout,3,1,1,0.91,0
49900,netbanking,churned,10,5,card_expired,7,2,1,0.0,0
999900,netbanking,churned,0,3,generic_decline,8,4,0,0.83,0
499900,upi,churned,9,5,otp_timeout,0,0,0,0.54,0
199900,card,high_value,2,1,otp_timeout,4,1,0,0.12,1
1499900,netbanking,new,19,3,otp_timeout,7,4,1,0.06,1
199900,netbanking,high_value,7,1,card_expired,2,0,1,0.84,1
99900,wallet,returning,16,0,generic_decline,11,5,0,0.9,0
199900,wallet,high_value,23,2,insufficient_funds,0,3,1,0.18,0
149900,netbanking,churned,12,0,generic_decline,6,4,0,0.84,0
1499900,netbanking,returning,0,0,ambiguous_timeout,10,4,0,0.21,0
99900,netbanking,churned,20,3,bank_server_timeout,4,5,0,0.42,0
999900,netbanking,returning,6,3,insufficient_funds,11,0,0,0.19,0
999900,upi,high_value,6,0,card_expired,5,2,0,0.02,0
99900,upi,churned,22,3,otp_timeout,4,1,0,0.69,0
1499900,card,churned,13,2,bank_server_timeout,11,0,0,0.67,0
999900,netbanking,returning,6,2,insufficient_funds,1,0,0,0.84,0
99900,card,returning,7,6,card_expired,8,3,0,0.04,0
149900,netbanking,returning,14,1,otp_timeout,5,5,1,0.81,0
149900,card,churned,16,6,generic_decline,3,4,0,0.85,1
1499900,card,returning,14,6,ambiguous_timeout,9,4,1,0.68,0
999900,netbanking,churned,21,2,card_expired,5,1,0,0.3,0
99900,upi,churned,0,3,ambiguous_timeout,5,3,0,0.61,0
299900,card,high_value,21,3,otp_timeout,1,2,0,0.94,0
199900,upi,new,14,5,generic_decline,4,5,1,0.89,1
199900,netbanking,new,12,5,generic_decline,12,5,1,0.04,0
49900,upi,returning,2,2,ambiguous_timeout,6,2,1,0.48,1
199900,netbanking,returning,0,3,generic_decline,7,2,1,0.94,0
299900,netbanking,new,18,6,card_expired,6,0,0,0.83,0
199900,netbanking,new,13,5,otp_timeout,6,2,0,0.07,1
299900,upi,returning,21,4,generic_decline,5,3,1,0.11,0
49900,wallet,high_value,11,5,otp_timeout,12,4,0,0.11,1
1499900,upi,new,7,3,insufficient_funds,1,3,1,0.32,0
149900,netbanking,churned,10,1,insufficient_funds,11,4,1,0.3,0
1499900,upi,new,20,6,card_expired,7,2,1,0.81,1
1499900,upi,churned,17,3,bank_server_timeout,12,1,1,0.11,0
999900,wallet,churned,22,6,ambiguous_timeout,3,1,1,0.23,0
499900,netbanking,new,12,4,generic_decline,4,5,1,0.63,0
49900,card,returning,16,0,generic_decline,9,3,1,0.84,0
1499900,wallet,churned,7,6,insufficient_funds,5,0,1,0.31,0
199900,wallet,high_value,3,3,otp_timeout,2,2,0,0.4,0
499900,netbanking,returning,14,2,otp_timeout,10,1,0,0.33,0
49900,upi,returning,19,5,otp_timeout,12,0,1,0.75,1
999900,card,high_value,13,4,card_expired,12,0,1,0.56,0
299900,upi,churned,7,0,generic_decline,2,4,1,0.9,0
149900,upi,new,18,0,bank_server_timeout,4,3,1,0.9,1
199900,upi,new,23,5,insufficient_funds,8,0,1,0.39,0
199900,card,new,15,6,bank_server_timeout,10,0,1,0.5,1
199900,card,new,0,6,bank_server_timeout,12,4,0,0.17,0
99900,upi,high_value,16,6,insufficient_funds,0,4,1,0.66,0
99900,card,high_value,20,6,card_expired,2,3,1,0.51,0
199900,netbanking,new,7,1,otp_timeout,10,2,0,0.91,1
999900,card,churned,12,6,ambiguous_timeout,5,5,0,0.92,1
49900,netbanking,high_value,3,2,generic_decline,12,2,0,0.06,0
499900,wallet,new,9,6,card_expired,11,4,1,0.08,0
999900,upi,returning,22,4,insufficient_funds,12,1,1,0.22,0
149900,wallet,new,18,1,generic_decline,7,0,0,0.06,0
999900,upi,returning,18,3,card_expired,11,2,0,0.55,0
499900,netbanking,returning,18,3,otp_timeout,3,2,0,0.76,1
199900,netbanking,returning,21,5,otp_timeout,3,5,1,0.92,0
999900,wallet,new,17,0,ambiguous_timeout,8,4,0,0.34,0
149900,card,high_value,14,4,ambiguous_timeout,12,0,0,0.47,0
149900,card,high_value,10,5,card_expired,0,4,1,0.32,0
99900,netbanking,new,15,2,generic_decline,2,3,0,0.31,0
49900,upi,returning,13,4,ambiguous_timeout,1,2,1,0.56,1
149900,wallet,churned,8,4,generic_decline,1,2,0,0.97,1
149900,netbanking,new,3,0,ambiguous_timeout,0,4,1,0.54,0
1499900,card,churned,23,5,ambiguous_timeout,1,4,0,0.7,0
499900,card,new,14,2,bank_server_timeout,10,2,0,0.48,1
149900,card,high_value,23,4,otp_timeout,9,2,0,0.89,1
1499900,card,high_value,3,5,generic_decline,11,5,0,0.66,0
199900,card,high_value,19,6,card_expired,4,2,1,0.51,1
149900,card,returning,18,3,insufficient_funds,3,5,0,0.27,0
49900,upi,returning,13,0,card_expired,3,4,1,0.64,0
299900,card,churned,2,3,card_expired,0,3,1,0.95,0
499900,wallet,churned,22,5,otp_timeout,11,5,1,0.8,1
1499900,netbanking,returning,10,3,bank_server_timeout,5,4,1,0.29,0
299900,card,high_value,13,0,bank_server_timeout,10,4,0,0.93,0
99900,card,churned,13,3,generic_decline,6,0,0,0.85,1
49900,card,returning,12,0,insufficient_funds,3,3,0,0.83,0
499900,card,returning,21,0,card_expired,10,5,0,0.44,0
499900,card,returning,9,5,bank_server_timeout,11,5,1,0.13,0
299900,wallet,returning,17,0,ambiguous_timeout,9,4,1,0.16,0
99900,netbanking,new,6,5,otp_timeout,3,2,0,0.16,1
99900,card,new,16,3,ambiguous_timeout,3,1,0,0.03,0
299900,netbanking,churned,5,3,ambiguous_timeout,1,4,0,0.24,0
299900,card,returning,8,5,generic_decline,3,5,0,0.79,0
199900,card,churned,16,4,otp_timeout,5,5,0,0.87,0
1499900,netbanking,churned,1,0,ambiguous_timeout,7,3,0,0.23,1
499900,upi,high_value,18,6,insufficient_funds,9,4,1,0.97,0
999900,wallet,new,21,6,insufficient_funds,12,2,1,0.8,0
99900,wallet,returning,23,2,bank_server_timeout,4,1,1,0.13,0
999900,card,churned,17,1,generic_decline,0,0,1,0.66,0
49900,upi,returning,6,4,generic_decline,12,2,0,0.6,1
199900,wallet,churned,13,2,card_expired,10,5,0,0.08,0
99900,card,new,4,0,insufficient_funds,7,1,0,0.72,0
99900,upi,new,21,1,otp_timeout,9,2,0,0.05,1
999900,wallet,high_value,9,0,generic_decline,6,0,1,0.17,0
999900,upi,new,8,6,insufficient_funds,0,4,0,0.01,0
999900,upi,new,1,5,bank_server_timeout,1,0,1,0.76,1
49900,upi,new,23,2,card_expired,8,5,0,0.54,0
999900,netbanking,new,5,1,otp_timeout,10,1,0,0.97,0
499900,wallet,returning,23,6,otp_timeout,10,1,1,0.05,1
49900,wallet,churned,8,2,bank_server_timeout,12,0,1,0.78,0
499900,wallet,new,2,1,ambiguous_timeout,0,5,1,0.95,0
199900,netbanking,returning,12,4,ambiguous_timeout,3,3,0,0.67,0
49900,netbanking,returning,18,2,otp_timeout,4,2,1,0.61,1
49900,wallet,high_value,15,5,generic_decline,10,3,1,0.77,1
299900,card,high_value,3,5,insufficient_funds,2,1,1,0.54,0
499900,upi,new,0,2,card_expired,0,2,1,0.66,0
99900,card,churned,20,5,bank_server_timeout,6,1,0,0.24,0
299900,upi,high_value,4,5,generic_decline,5,2,0,0.24,0
999900,wallet,returning,12,1,bank_server_timeout,7,0,0,0.69,0
299900,wallet,high_value,7,1,insufficient_funds,2,2,1,0.18,0
49900,netbanking,new,16,3,bank_server_timeout,12,0,1,0.92,1
499900,upi,high_value,12,3,generic_decline,12,5,0,0.34,0
499900,wallet,new,23,5,ambiguous_timeout,1,4,0,0.47,1
49900,netbanking,new,9,1,insufficient_funds,12,4,1,0.93,0
99900,netbanking,churned,9,3,bank_server_timeout,1,1,1,0.41,1
99900,netbanking,returning,22,4,card_expired,5,4,1,0.74,0
499900,card,churned,23,1,otp_timeout,3,1,0,0.98,0
49900,upi,new,23,1,bank_server_timeout,2,1,0,0.83,1
149900,wallet,returning,14,0,card_expired,2,0,1,0.26,0
299900,netbanking,high_value,13,4,insufficient_funds,12,4,0,0.22,0
1499900,wallet,returning,16,5,ambiguous_timeout,9,0,0,0.39,0
49900,card,returning,15,6,insufficient_funds,0,2,0,0.28,0
499900,netbanking,returning,3,6,otp_timeout,4,4,0,0.51,0
99900,upi,new,0,1,otp_timeout,2,2,0,0.77,1
499900,upi,churned,8,0,otp_timeout,3,5,1,0.32,0
199900,upi,high_value,1,3,bank_server_timeout,10,5,0,0.46,1
49900,wallet,high_value,23,3,bank_server_timeout,9,5,0,0.48,0
1499900,upi,new,6,1,otp_timeout,8,0,1,0.48,1
499900,upi,returning,13,3,bank_server_timeout,0,4,1,0.64,1
199900,upi,new,20,3,otp_timeout,1,2,1,0.17,1
999900,netbanking,high_value,9,3,insufficient_funds,12,2,0,0.53,1
49900,upi,churned,10,3,card_expired,7,0,1,0.47,0
99900,upi,new,7,3,otp_timeout,9,2,1,0.74,0
499900,wallet,churned,17,2,card_expired,5,3,1,0.83,0
299900,card,high_value,18,1,ambiguous_timeout,1,3,1,0.41,1
99900,card,new,5,5,insufficient_funds,3,1,0,0.12,0
1499900,netbanking,new,3,0,card_expired,0,5,1,0.41,0
199900,netbanking,returning,2,5,insufficient_funds,11,1,1,0.27,0
49900,card,churned,17,6,otp_timeout,3,2,1,0.56,1
999900,wallet,returning,15,6,bank_server_timeout,1,5,0,1.0,1
1499900,upi,high_value,15,1,ambiguous_timeout,7,2,1,0.87,1
999900,netbanking,high_value,23,6,bank_server_timeout,11,3,0,0.75,1
149900,wallet,returning,17,1,insufficient_funds,6,5,1,0.45,0
499900,card,new,3,1,insufficient_funds,0,4,0,0.0,0
499900,wallet,high_value,13,1,bank_server_timeout,8,0,1,0.2,0
99900,upi,returning,23,5,generic_decline,9,3,0,0.59,0
199900,netbanking,churned,13,0,generic_decline,8,5,0,0.44,0
299900,card,high_value,20,0,bank_server_timeout,2,5,0,0.57,0
49900,wallet,new,10,2,generic_decline,6,3,0,0.87,1
99900,upi,returning,0,0,otp_timeout,8,2,0,0.53,1
149900,card,returning,13,4,insufficient_funds,5,4,0,0.68,0
199900,card,new,9,6,card_expired,1,1,1,0.24,0
99900,netbanking,returning,15,4,generic_decline,3,5,1,0.03,0
299900,upi,new,9,6,insufficient_funds,12,4,0,0.81,0
49900,upi,new,15,1,ambiguous_timeout,0,1,1,0.98,1
999900,wallet,returning,20,5,otp_timeout,9,2,1,0.18,1
99900,wallet,new,17,6,insufficient_funds,12,5,0,0.85,0
49900,card,churned,8,0,otp_timeout,1,3,1,0.44,0
499900,card,high_value,4,2,bank_server_timeout,6,0,1,0.82,1
49900,card,returning,14,4,insufficient_funds,0,5,0,0.21,0
1499900,netbanking,churned,16,1,card_expired,0,3,1,0.01,0
499900,netbanking,churned,19,1,otp_timeout,4,2,0,0.17,1
1499900,wallet,high_value,9,0,insufficient_funds,3,2,1,0.7,0
299900,netbanking,returning,16,5,card_expired,5,5,0,0.82,0
499900,upi,returning,11,2,ambiguous_timeout,6,1,1,0.59,1
499900,card,high_value,15,5,ambiguous_timeout,5,4,1,0.11,0
149900,wallet,churned,11,5,otp_timeout,4,4,0,0.49,0
1499900,netbanking,high_value,23,1,bank_server_timeout,11,5,0,0.76,1
299900,netbanking,churned,0,3,generic_decline,0,1,1,0.58,0
299900,upi,returning,11,0,generic_decline,0,2,0,0.62,1
299900,wallet,new,15,0,ambiguous_timeout,10,5,1,0.55,1
49900,card,churned,5,2,generic_decline,11,2,1,0.35,0
499900,upi,churned,19,5,insufficient_funds,4,4,0,0.03,1
499900,upi,new,15,2,generic_decline,10,4,0,0.62,0
149900,upi,new,2,3,otp_timeout,2,5,1,1.0,0
999900,upi,new,22,1,ambiguous_timeout,7,0,0,0.9,0
99900,netbanking,churned,3,5,card_expired,10,0,1,0.36,0
99900,card,returning,7,5,bank_server_timeout,6,2,0,0.17,1
999900,wallet,returning,0,6,otp_timeout,8,3,0,0.89,0
299900,card,new,12,2,otp_timeout,4,3,0,0.97,0
299900,netbanking,new,19,0,insufficient_funds,4,4,1,0.75,0
149900,netbanking,returning,21,5,generic_decline,6,3,0,0.81,0
499900,netbanking,high_value,11,1,generic_decline,3,4,0,0.48,0
99900,card,new,23,5,generic_decline,5,3,0,0.15,1
1499900,netbanking,churned,9,1,bank_server_timeout,12,3,0,0.11,0
149900,netbanking,new,7,0,insufficient_funds,9,0,1,0.45,1
299900,card,churned,12,1,otp_timeout,4,2,1,0.31,0
1499900,upi,high_value,20,1,generic_decline,8,4,1,0.7,0
299900,card,new,4,5,otp_timeout,3,2,0,0.2,0
999900,netbanking,churned,2,4,bank_server_timeout,12,2,1,0.61,1
299900,netbanking,high_value,16,1,generic_decline,12,0,0,0.25,0
499900,upi,new,21,5,generic_decline,8,5,0,0.58,0
99900,wallet,new,9,5,generic_decline,10,5,1,0.36,1
49900,wallet,churned,12,3,generic_decline,9,4,0,0.68,0
299900,netbanking,returning,11,3,generic_decline,0,5,0,0.57,0
49900,wallet,churned,21,1,insufficient_funds,4,2,1,0.58,0
499900,netbanking,churned,9,0,card_expired,4,0,1,0.45,0
49900,netbanking,returning,10,6,generic_decline,10,2,0,0.91,0
499900,wallet,returning,8,1,generic_decline,8,2,0,0.49,0
149900,upi,new,21,1,insufficient_funds,11,5,0,0.08,0
999900,upi,high_value,1,6,ambiguous_timeout,2,2,0,0.16,1
99900,upi,returning,1,2,generic_decline,12,0,0,0.87,0
199900,upi,high_value,11,6,bank_server_timeout,4,2,1,0.88,1
999900,wallet,high_value,16,0,bank_server_timeout,8,4,1,0.76,1
149900,netbanking,new,5,6,generic_decline,8,4,1,0.42,0
49900,upi,returning,13,0,insufficient_funds,10,4,0,0.11,0
99900,card,churned,9,2,bank_server_timeout,6,3,0,0.89,1
149900,card,churned,0,6,bank_server_timeout,7,3,1,0.35,0
499900,card,churned,12,6,insufficient_funds,2,3,0,0.39,1
49900,card,new,16,1,card_expired,11,1,1,0.17,1
499900,upi,new,16,6,generic_decline,10,1,1,0.54,0
299900,upi,new,5,0,ambiguous_timeout,7,4,0,0.9,0
149900,netbanking,new,20,3,generic_decline,7,0,0,0.85,0
1499900,upi,churned,9,1,card_expired,4,3,0,0.66,0
299900,card,high_value,8,2,generic_decline,6,2,1,1.0,0
299900,card,new,22,1,bank_server_timeout,0,2,0,0.65,0
499900,upi,returning,2,4,generic_decline,9,0,0,0.01,0
1499900,card,churned,16,3,generic_decline,0,0,1,0.06,0
299900,netbanking,churned,3,1,card_expired,1,5,1,0.38,0
149900,upi,high_value,23,2,card_expired,7,5,0,0.4,0
1499900,netbanking,new,23,2,otp_timeout,0,3,0,0.1,1
499900,wallet,returning,7,4,generic_decline,4,0,0,0.94,0
1499900,card,high_value,4,3,insufficient_funds,5,1,0,0.97,0
49900,card,high_value,4,3,ambiguous_timeout,2,4,0,0.91,0
149900,upi,new,6,2,ambiguous_timeout,5,2,0,0.82,0
999900,netbanking,churned,20,2,bank_server_timeout,5,1,0,0.29,0
99900,card,returning,5,2,generic_decline,10,4,1,0.73,0
1499900,card,high_value,13,6,generic_decline,8,0,0,1.0,1
99900,netbanking,new,1,1,insufficient_funds,1,1,1,0.31,0
149900,wallet,churned,15,5,generic_decline,2,4,1,0.58,0
49900,upi,high_value,21,4,ambiguous_timeout,4,4,0,0.49,0
1499900,wallet,returning,10,3,generic_decline,11,2,1,0.22,0
999900,wallet,new,5,2,ambiguous_timeout,1,2,1,0.32,0
1499900,wallet,returning,4,2,otp_timeout,6,0,1,0.21,1
199900,netbanking,high_value,20,0,bank_server_timeout,12,2,1,0.68,0
999900,netbanking,returning,8,0,generic_decline,7,3,0,0.64,0
999900,card,new,5,1,ambiguous_timeout,0,2,0,0.66,0
99900,card,returning,12,3,card_expired,11,4,1,0.11,0
99900,card,new,8,4,otp_timeout,3,3,1,0.9,0
99900,netbanking,churned,19,1,insufficient_funds,0,4,1,0.99,0
99900,netbanking,churned,7,6,card_expired,8,0,1,0.37,0
99900,wallet,new,2,3,insufficient_funds,1,4,1,0.83,1
1499900,card,new,21,0,ambiguous_timeout,2,3,1,0.15,0
99900,wallet,returning,9,0,insufficient_funds,7,1,1,0.99,0
499900,card,new,19,6,ambiguous_timeout,11,1,0,0.27,0
99900,upi,high_value,4,0,otp_timeout,6,1,0,0.46,1
999900,card,high_value,8,4,card_expired,6,4,0,0.16,0
49900,upi,returning,5,5,card_expired,6,4,0,0.1,0
199900,wallet,high_value,3,5,generic_decline,10,2,0,0.54,0
49900,wallet,new,2,2,generic_decline,8,0,1,0.86,1
499900,wallet,new,15,0,generic_decline,6,1,1,0.5,0
499900,upi,returning,2,2,ambiguous_timeout,5,3,0,0.97,1
199900,wallet,high_value,21,2,bank_server_timeout,5,4,1,0.45,1
1499900,card,new,19,3,ambiguous_timeout,2,0,0,0.52,0
1499900,netbanking,returning,10,2,ambiguous_timeout,0,1,1,0.33,0
299900,netbanking,new,8,5,bank_server_timeout,2,4,1,0.77,0
99900,upi,returning,0,3,bank_server_timeout,0,0,1,0.82,0
49900,wallet,returning,19,2,ambiguous_timeout,8,2,0,0.74,0
99900,card,returning,19,4,generic_decline,7,4,0,0.1,0
99900,card,returning,20,3,bank_server_timeout,6,3,1,0.8,0
199900,card,returning,0,4,card_expired,8,1,0,1.0,0
99900,wallet,churned,16,6,otp_timeout,10,2,1,0.93,1
49900,netbanking,new,1,0,generic_decline,12,0,0,0.23,0
149900,wallet,new,21,5,generic_decline,12,5,0,0.52,0
49900,upi,new,19,2,insufficient_funds,12,1,1,0.89,0
49900,wallet,returning,7,5,card_expired,7,3,0,0.99,0
1499900,wallet,churned,5,3,card_expired,6,3,1,0.52,0
199900,card,high_value,5,1,otp_timeout,11,4,0,0.35,0
149900,wallet,new,4,5,insufficient_funds,7,4,0,0.27,0
499900,upi,churned,23,6,ambiguous_timeout,1,0,1,0.56,0
999900,wallet,new,0,4,otp_timeout,12,5,1,0.3,0
999900,netbanking,returning,5,0,ambiguous_timeout,12,4,0,0.92,1
299900,netbanking,churned,10,3,otp_timeout,10,5,1,0.87,0
299900,netbanking,high_value,16,2,card_expired,8,3,1,1.0,0
149900,netbanking,churned,12,4,generic_decline,6,4,1,0.27,0
1499900,card,churned,12,6,bank_server_timeout,8,0,1,0.69,0
299900,netbanking,returning,16,6,insufficient_funds,0,4,0,0.39,0
199900,card,new,13,4,generic_decline,9,1,0,0.36,0
299900,card,returning,22,2,card_expired,5,3,0,0.92,0
49900,netbanking,high_value,23,0,card_expired,7,0,0,0.41,0
99900,wallet,churned,18,0,bank_server_timeout,9,4,1,0.85,0
999900,netbanking,high_value,16,1,ambiguous_timeout,2,0,0,0.16,0
499900,netbanking,new,16,6,insufficient_funds,2,3,0,0.15,1
999900,netbanking,high_value,17,3,insufficient_funds,3,1,1,0.35,0
999900,card,returning,5,1,ambiguous_timeout,3,5,1,0.44,1
49900,upi,new,0,0,ambiguous_timeout,3,1,1,0.53,0
49900,card,churned,10,4,ambiguous_timeout,12,0,1,0.45,1
999900,upi,returning,23,1,insufficient_funds,1,1,1,0.94,0
49900,card,returning,0,4,insufficient_funds,4,1,0,0.59,0
99900,card,churned,23,6,ambiguous_timeout,4,2,1,0.44,1
999900,upi,high_value,2,0,otp_timeout,3,2,1,0.37,1
999900,upi,new,15,5,otp_timeout,12,0,0,0.18,1
49900,wallet,churned,23,0,generic_decline,0,5,0,0.33,0
999900,upi,new,2,5,ambiguous_timeout,9,4,0,0.48,0
199900,card,returning,22,4,insufficient_funds,7,2,0,0.92,0
99900,netbanking,high_value,20,3,ambiguous_timeout,6,3,0,0.58,1
149900,netbanking,high_value,10,4,ambiguous_timeout,12,0,1,0.32,0
199900,wallet,churned,12,0,otp_timeout,4,4,0,0.87,0
49900,netbanking,high_value,18,6,bank_server_timeout,3,5,0,0.02,1
499900,upi,churned,22,4,insufficient_funds,12,0,0,0.74,0
499900,upi,high_value,19,2,card_expired,2,3,1,0.23,0
199900,netbanking,returning,8,5,otp_timeout,1,1,1,0.78,1
99900,upi,churned,19,2,bank_server_timeout,12,1,0,0.93,1
149900,upi,returning,12,1,bank_server_timeout,0,2,1,0.77,0
49900,upi,churned,6,1,bank_server_timeout,11,0,0,0.35,1
1499900,card,high_value,1,1,generic_decline,4,2,0,0.23,0
499900,netbanking,churned,7,2,bank_server_timeout,7,0,1,0.46,0
199900,netbanking,high_value,1,2,ambiguous_timeout,12,2,1,0.58,0
99900,card,high_value,1,4,otp_timeout,11,0,1,0.2,1
149900,netbanking,returning,10,1,insufficient_funds,3,3,0,0.85,0
149900,wallet,returning,3,2,otp_timeout,5,4,1,0.24,0
49900,card,returning,13,5,bank_server_timeout,3,1,0,0.43,0
149900,netbanking,churned,19,2,generic_decline,11,0,1,0.1,0
499900,wallet,returning,12,1,bank_server_timeout,12,4,1,0.13,0
199900,upi,returning,18,5,generic_decline,10,5,1,0.96,1
499900,card,new,15,2,card_expired,0,4,0,0.9,0
99900,card,returning,18,3,generic_decline,9,5,0,0.75,0
199900,upi,returning,10,2,generic_decline,0,0,0,0.18,1
199900,upi,high_value,10,6,card_expired,7,0,0,0.36,0
49900,upi,new,3,3,ambiguous_timeout,8,2,1,0.13,0
1499900,upi,high_value,1,5,ambiguous_timeout,4,2,1,0.48,1
499900,card,high_value,20,2,card_expired,3,1,1,0.2,0
49900,wallet,churned,3,2,bank_server_timeout,7,3,1,0.41,0
199900,card,new,7,4,insufficient_funds,8,4,0,0.01,0
1499900,netbanking,returning,10,1,generic_decline,6,2,1,0.87,0
149900,card,high_value,10,6,otp_timeout,3,1,1,0.04,0
49900,wallet,returning,8,0,card_expired,8,2,0,0.02,0
49900,upi,churned,18,2,generic_decline,10,5,1,0.02,0
99900,card,high_value,1,6,card_expired,2,1,1,0.18,0
499900,netbanking,churned,3,5,bank_server_timeout,12,4,0,0.41,1
999900,card,new,11,4,ambiguous_timeout,9,5,0,0.7,0
299900,upi,new,23,0,ambiguous_timeout,11,1,1,0.25,0
99900,upi,returning,20,5,card_expired,8,4,0,0.53,0
149900,wallet,churned,0,1,insufficient_funds,9,5,1,0.03,0
199900,upi,high_value,10,0,generic_decline,10,4,1,0.73,1
499900,card,churned,4,6,otp_timeout,10,0,0,0.56,1
199900,wallet,high_value,3,1,otp_timeout,4,0,1,0.59,1
49900,netbanking,churned,16,5,bank_server_timeout,3,3,1,0.37,0
199900,wallet,high_value,23,1,card_expired,8,1,0,0.12,0
49900,wallet,churned,17,0,card_expired,0,4,0,0.51,0
49900,card,churned,19,1,ambiguous_timeout,6,0,0,0.05,0
199900,card,churned,6,6,bank_server_timeout,5,0,1,0.92,1
99900,upi,churned,1,4,otp_timeout,5,3,0,0.52,0
49900,card,churned,20,3,bank_server_timeout,4,0,0,0.06,0
1499900,card,high_value,8,5,bank_server_timeout,9,3,0,0.32,1
299900,netbanking,high_value,2,2,card_expired,2,3,1,0.88,0
199900,upi,high_value,11,0,card_expired,8,5,1,0.41,0
149900,wallet,new,15,3,ambiguous_timeout,9,1,1,0.8,1
999900,upi,new,19,4,insufficient_funds,12,4,0,0.78,0
299900,wallet,returning,13,4,generic_decline,9,2,0,0.98,0
499900,netbanking,high_value,21,3,bank_server_timeout,11,3,0,0.9,0
1499900,netbanking,churned,7,3,generic_decline,2,5,0,0.71,0
99900,upi,returning,13,5,card_expired,12,0,0,0.02,0
149900,wallet,returning,5,5,insufficient_funds,10,4,0,0.96,0
149900,upi,new,20,0,card_expired,12,1,0,0.4,0
999900,upi,new,8,1,ambiguous_timeout,2,5,0,0.14,0
149900,wallet,churned,9,2,otp_timeout,1,4,0,0.9,1
199900,upi,churned,13,4,insufficient_funds,5,1,0,0.89,0
499900,card,churned,5,1,otp_timeout,5,5,1,0.74,0
149900,upi,high_value,19,2,card_expired,12,2,1,0.31,0
499900,netbanking,high_value,6,6,insufficient_funds,7,3,0,0.76,0
499900,netbanking,returning,7,3,generic_decline,12,5,1,0.41,0
499900,card,returning,9,3,insufficient_funds,11,0,1,0.58,0
999900,wallet,returning,14,4,insufficient_funds,0,4,1,0.67,1
999900,netbanking,new,1,4,generic_decline,12,2,1,0.28,0
49900,card,returning,6,2,generic_decline,1,1,1,0.34,1
49900,upi,churned,23,6,card_expired,2,3,1,0.6,0
999900,wallet,high_value,7,1,ambiguous_timeout,10,5,0,0.89,0
149900,wallet,churned,10,1,insufficient_funds,10,5,0,0.15,0
499900,netbanking,high_value,10,6,bank_server_timeout,11,4,1,0.18,0
999900,netbanking,churned,13,3,bank_server_timeout,2,5,0,0.1,0
49900,wallet,churned,4,6,ambiguous_timeout,0,0,0,0.16,1
1499900,card,new,15,2,generic_decline,5,0,0,0.57,0
499900,netbanking,new,22,0,bank_server_timeout,9,4,0,0.45,1
99900,card,high_value,14,2,bank_server_timeout,2,2,0,0.07,0
999900,netbanking,churned,8,6,otp_timeout,6,2,0,0.47,0
999900,upi,high_value,15,3,generic_decline,12,2,0,0.21,0
499900,netbanking,returning,1,6,generic_decline,7,4,1,0.76,0
499900,upi,new,6,4,bank_server_timeout,8,5,0,0.98,1
499900,netbanking,churned,23,6,card_expired,9,4,1,0.24,0
199900,card,churned,11,0,generic_decline,9,0,1,0.2,0
1499900,card,returning,15,4,insufficient_funds,8,5,1,0.12,0
299900,netbanking,new,11,4,ambiguous_timeout,3,1,0,0.48,0
49900,netbanking,new,8,1,otp_timeout,5,2,0,0.95,1
199900,netbanking,returning,14,0,insufficient_funds,7,5,1,0.68,0
199900,netbanking,churned,9,5,ambiguous_timeout,4,4,0,0.17,1
999900,card,new,18,2,insufficient_funds,6,4,0,0.6,0
299900,upi,new,21,0,bank_server_timeout,5,1,0,0.61,1
499900,wallet,high_value,2,2,generic_decline,3,3,1,0.21,0
999900,upi,churned,11,1,ambiguous_timeout,5,1,1,0.64,0
99900,netbanking,churned,2,1,otp_timeout,8,3,0,0.5,0
149900,upi,high_value,16,1,generic_decline,7,0,0,0.94,1
299900,upi,returning,1,3,insufficient_funds,2,0,1,0.97,1
99900,upi,churned,23,0,generic_decline,0,4,0,0.81,0
49900,card,new,13,0,bank_server_timeout,7,1,1,0.41,1
49900,wallet,returning,19,0,ambiguous_timeout,0,3,0,0.15,1
299900,netbanking,new,8,5,otp_timeout,4,4,1,0.34,1
149900,wallet,new,10,1,card_expired,10,3,0,0.9,0
149900,upi,high_value,5,1,bank_server_timeout,3,4,1,0.19,1
999900,netbanking,new,12,1,card_expired,2,4,0,0.8,0
999900,card,high_value,12,2,insufficient_funds,6,5,1,0.1,0
499900,upi,high_value,16,6,otp_timeout,9,2,1,0.08,1
999900,card,high_value,17,6,card_expired,1,0,0,0.8,0
199900,card,high_value,4,3,bank_server_timeout,1,2,1,0.22,1
99900,wallet,high_value,6,5,generic_decline,9,3,0,0.61,0
999900,netbanking,returning,16,6,ambiguous_timeout,5,0,1,0.97,1
49900,netbanking,churned,7,6,otp_timeout,6,5,1,0.84,1
49900,wallet,churned,8,5,otp_timeout,12,5,1,0.66,0
49900,wallet,high_value,19,6,card_expired,7,3,1,0.44,0
49900,netbanking,high_value,15,6,insufficient_funds,3,3,0,0.05,1
99900,upi,churned,21,3,insufficient_funds,0,1,1,0.72,0
149900,netbanking,new,1,4,otp_timeout,8,5,1,0.7,0
99900,netbanking,new,17,3,generic_decline,4,2,0,0.16,0
199900,upi,high_value,7,3,ambiguous_timeout,11,2,1,0.21,1
99900,card,high_value,14,6,ambiguous_timeout,12,1,0,0.0,0
1499900,netbanking,churned,8,6,insufficient_funds,10,0,0,0.95,0
499900,netbanking,churned,16,0,otp_timeout,9,1,0,0.95,0
199900,wallet,new,16,5,insufficient_funds,3,0,0,0.26,0
99900,netbanking,high_value,0,4,bank_server_timeout,11,3,0,0.57,1
49900,upi,churned,11,5,bank_server_timeout,5,2,1,0.71,1
1499900,wallet,churned,21,5,bank_server_timeout,10,5,1,0.64,0
499900,wallet,new,12,3,bank_server_timeout,5,3,1,0.73,1
199900,card,churned,17,5,otp_timeout,8,5,0,0.71,0
499900,upi,high_value,13,3,ambiguous_timeout,11,5,0,0.29,1
299900,card,high_value,15,3,ambiguous_timeout,4,4,0,0.73,1
199900,wallet,new,13,5,card_expired,7,2,1,0.76,0
1499900,upi,new,8,3,ambiguous_timeout,12,0,0,0.72,0
999900,wallet,new,13,3,otp_timeout,2,5,0,0.6,0
999900,wallet,new,3,4,card_expired,8,0,0,0.58,0
299900,netbanking,new,23,2,generic_decline,9,4,1,0.87,0
999900,wallet,returning,19,3,generic_decline,12,0,0,0.54,0
149900,netbanking,churned,10,0,ambiguous_timeout,0,2,0,0.72,1
49900,netbanking,new,15,5,bank_server_timeout,2,3,0,0.52,1
49900,wallet,churned,20,2,bank_server_timeout,12,3,1,0.23,1
499900,card,returning,17,0,insufficient_funds,10,5,1,0.37,0
149900,upi,churned,21,4,generic_decline,6,1,1,0.54,0
999900,upi,high_value,3,2,generic_decline,0,2,1,0.55,0
499900,wallet,churned,6,0,insufficient_funds,4,2,1,0.36,0
299900,upi,high_value,2,4,ambiguous_timeout,7,4,0,0.65,0
99900,upi,churned,9,0,insufficient_funds,8,1,0,0.54,0
299900,upi,high_value,12,3,generic_decline,1,2,1,0.47,0
999900,card,returning,5,5,ambiguous_timeout,10,3,1,0.31,0
1499900,upi,new,5,2,bank_server_timeout,4,3,0,0.84,1
999900,card,high_value,21,5,insufficient_funds,9,1,1,0.64,0
149900,upi,returning,17,5,bank_server_timeout,12,2,0,0.49,1
1499900,upi,high_value,22,5,otp_timeout,5,4,0,0.08,0
149900,upi,high_value,3,3,otp_timeout,2,5,1,0.4,1
999900,upi,high_value,20,6,ambiguous_timeout,5,2,1,0.73,1
149900,card,high_value,3,5,ambiguous_timeout,3,2,1,0.17,0
499900,netbanking,high_value,12,6,card_expired,5,5,1,0.55,0
299900,wallet,returning,15,3,generic_decline,7,5,0,0.05,0
49900,netbanking,returning,12,0,bank_server_timeout,1,1,0,0.0,1
299900,netbanking,churned,18,0,otp_timeout,1,4,1,0.08,1
99900,wallet,churned,18,1,ambiguous_timeout,2,2,1,1.0,1
499900,card,churned,2,4,card_expired,5,3,1,0.54,0
149900,upi,high_value,8,5,insufficient_funds,10,4,0,0.64,0
299900,card,high_value,19,6,generic_decline,4,4,0,0.33,0
299900,card,returning,9,3,card_expired,10,0,1,0.92,0
199900,wallet,high_value,6,1,otp_timeout,12,1,1,0.35,1
149900,card,churned,19,3,ambiguous_timeout,2,1,0,0.83,1
199900,netbanking,high_value,3,4,insufficient_funds,1,2,1,0.02,0
49900,wallet,high_value,16,5,bank_server_timeout,10,4,0,0.58,1
999900,wallet,high_value,14,4,otp_timeout,8,4,1,0.46,0
1499900,card,churned,10,3,bank_server_timeout,9,0,0,0.63,0
1499900,upi,churned,22,0,bank_server_timeout,11,4,0,0.58,1
149900,wallet,returning,20,5,bank_server_timeout,10,3,1,0.99,1
999900,wallet,new,4,5,generic_decline,12,0,0,0.55,0
49900,wallet,returning,11,2,ambiguous_timeout,5,1,0,0.1,0
199900,card,churned,17,5,card_expired,8,4,0,0.83,0
199900,card,returning,3,3,insufficient_funds,0,4,1,0.39,0
99900,card,churned,10,4,insufficient_funds,11,0,0,0.28,0
199900,upi,new,16,3,card_expired,8,1,1,0.56,0
49900,card,high_value,11,0,otp_timeout,11,1,0,0.44,0
499900,card,new,14,3,generic_decline,9,2,0,0.06,0
49900,wallet,new,0,0,generic_decline,9,5,0,0.97,0
1499900,wallet,high_value,22,5,ambiguous_timeout,11,2,0,0.29,0
99900,card,churned,1,3,card_expired,0,1,1,0.82,1
49900,upi,new,22,5,otp_timeout,6,1,0,0.36,1
99900,netbanking,new,8,1,insufficient_funds,6,3,1,0.17,0
49900,upi,new,14,3,generic_decline,8,5,1,0.16,0
1499900,upi,high_value,14,5,bank_server_timeout,8,2,0,0.28,1
299900,netbanking,churned,23,1,generic_decline,0,2,0,0.66,0
1499900,wallet,returning,4,2,card_expired,1,0,0,0.6,0
199900,netbanking,returning,7,1,generic_decline,2,2,0,0.39,1
49900,upi,churned,0,5,bank_server_timeout,12,5,0,0.51,1
299900,upi,churned,13,1,bank_server_timeout,6,1,0,0.36,0
999900,card,high_value,0,4,insufficient_funds,12,5,1,0.84,0
199900,netbanking,new,1,5,insufficient_funds,7,2,1,0.94,0
499900,wallet,returning,15,4,generic_decline,10,1,1,0.84,0
499900,upi,new,23,0,generic_decline,8,5,1,0.89,0
999900,netbanking,returning,9,6,otp_timeout,11,0,1,0.21,0
999900,wallet,new,5,0,otp_timeout,7,1,0,0.28,0
299900,netbanking,returning,15,6,bank_server_timeout,4,5,1,0.8,0
499900,upi,high_value,10,3,insufficient_funds,6,5,1,0.46,0
199900,netbanking,high_value,18,0,generic_decline,8,1,1,0.16,0
299900,wallet,new,13,1,insufficient_funds,3,3,1,0.11,0
149900,card,new,14,1,insufficient_funds,4,0,1,0.35,0
149900,netbanking,new,4,0,generic_decline,5,0,0,0.66,0
49900,card,high_value,18,1,insufficient_funds,7,4,1,0.45,0
1499900,card,returning,17,4,ambiguous_timeout,12,0,0,0.1,0
149900,netbanking,churned,19,4,bank_server_timeout,0,3,1,0.27,0
999900,netbanking,high_value,18,3,bank_server_timeout,12,1,1,0.96,1
1499900,netbanking,high_value,1,5,card_expired,11,4,0,0.61,0
499900,netbanking,high_value,5,4,otp_timeout,3,5,1,0.48,0
99900,netbanking,returning,11,1,otp_timeout,11,4,1,0.25,1
1499900,upi,churned,5,2,card_expired,10,0,1,0.53,0
149900,card,new,9,4,card_expired,7,3,0,0.24,0
1499900,card,high_value,13,4,insufficient_funds,0,2,1,0.25,0
199900,card,churned,10,4,insufficient_funds,3,0,1,0.94,0
99900,upi,high_value,12,5,ambiguous_timeout,11,2,1,0.63,1
499900,upi,churned,13,1,ambiguous_timeout,9,3,1,0.47,0
299900,upi,high_value,8,6,insufficient_funds,5,4,1,0.8,1
999900,card,churned,7,6,otp_timeout,5,2,0,0.08,1
199900,card,high_value,5,0,card_expired,6,3,1,0.82,0
299900,netbanking,high_value,20,1,card_expired,0,1,1,0.15,1
199900,netbanking,new,2,1,generic_decline,0,2,0,0.06,0
299900,wallet,new,11,3,card_expired,0,4,0,0.19,0
99900,card,new,20,5,card_expired,6,3,0,0.52,0
1499900,upi,returning,14,3,ambiguous_timeout,2,4,1,0.4,0
499900,card,churned,17,4,ambiguous_timeout,0,1,1,0.8,0
1499900,card,churned,17,2,bank_server_timeout,6,1,0,0.82,1
99900,wallet,high_value,4,5,bank_server_timeout,5,2,0,0.12,1
499900,upi,high_value,14,5,insufficient_funds,1,4,0,0.51,0
199900,netbanking,churned,3,3,card_expired,5,2,0,0.26,0
49900,card,churned,14,6,card_expired,1,3,1,0.07,0
49900,netbanking,new,5,5,bank_server_timeout,8,5,0,0.34,0
99900,card,returning,9,5,otp_timeout,6,0,1,0.61,0
499900,upi,returning,12,5,otp_timeout,11,5,1,0.7,1
299900,netbanking,high_value,4,1,generic_decline,0,2,0,0.89,0
499900,card,high_value,9,6,otp_timeout,8,2,0,0.29,1
99900,wallet,returning,9,2,ambiguous_timeout,4,4,1,0.39,0
1499900,card,churned,13,3,ambiguous_timeout,2,0,1,0.82,0
299900,wallet,returning,5,5,ambiguous_timeout,2,3,1,0.88,0
99900,upi,new,22,2,otp_timeout,4,4,0,0.75,1
499900,wallet,high_value,13,6,ambiguous_timeout,7,0,1,0.09,0
99900,card,high_value,16,0,insufficient_funds,3,1,1,0.57,1
49900,card,high_value,22,0,card_expired,12,2,0,0.48,0
299900,wallet,returning,6,5,generic_decline,0,5,0,0.92,1
99900,wallet,new,15,0,otp_timeout,12,5,1,0.57,1
999900,wallet,new,8,2,insufficient_funds,11,4,0,0.39,0
149900,card,returning,2,1,generic_decline,1,4,1,0.03,0
999900,upi,high_value,23,3,otp_timeout,11,4,1,0.07,0
1499900,netbanking,returning,19,2,otp_timeout,12,5,1,0.23,0
199900,netbanking,new,6,1,generic_decline,7,1,0,0.94,0
149900,netbanking,returning,15,3,bank_server_timeout,5,0,0,0.6,1
299900,wallet,returning,13,3,card_expired,0,3,1,0.67,0
49900,card,returning,13,0,bank_server_timeout,0,4,0,0.9,0
149900,wallet,new,12,4,insufficient_funds,7,0,0,0.83,1
199900,netbanking,high_value,0,2,insufficient_funds,4,4,0,0.96,0
1499900,wallet,new,18,0,ambiguous_timeout,3,4,1,0.06,0
1499900,wallet,new,17,0,bank_server_timeout,7,0,0,0.85,0
99900,wallet,high_value,12,6,generic_decline,3,1,0,0.31,0
99900,wallet,new,23,2,ambiguous_timeout,0,5,1,0.23,0
149900,card,returning,8,4,insufficient_funds,5,0,0,0.37,0
499900,upi,churned,9,1,ambiguous_timeout,2,2,0,0.17,0
299900,upi,high_value,12,0,generic_decline,10,4,0,0.63,0
1499900,card,churned,7,2,bank_server_timeout,9,2,1,0.55,1
999900,card,returning,2,5,generic_decline,12,0,0,0.64,0
499900,netbanking,new,5,2,insufficient_funds,3,4,0,0.55,0
49900,upi,high_value,21,3,generic_decline,3,2,1,0.22,0
299900,wallet,returning,16,2,generic_decline,9,1,1,0.12,0
499900,wallet,returning,22,6,bank_server_timeout,9,1,0,0.77,1
299900,upi,churned,12,5,bank_server_timeout,0,2,0,0.89,0
49900,card,high_value,0,0,otp_timeout,4,4,1,0.3,0
299900,upi,new,0,2,ambiguous_timeout,6,1,1,0.47,0
499900,upi,high_value,9,6,otp_timeout,9,4,1,0.68,1
499900,card,high_value,6,1,card_expired,10,1,0,0.34,0
199900,wallet,returning,9,1,generic_decline,0,4,0,0.75,1
299900,card,churned,0,4,otp_timeout,2,1,0,0.78,1
499900,wallet,high_value,8,4,bank_server_timeout,7,3,0,0.78,1
999900,netbanking,returning,0,4,bank_server_timeout,0,0,1,0.82,1
299900,netbanking,new,0,2,ambiguous_timeout,0,5,0,0.55,1
299900,card,returning,7,5,bank_server_timeout,10,4,1,0.95,1
149900,card,returning,7,4,generic_decline,8,5,1,0.68,0
199900,card,high_value,6,6,ambiguous_timeout,5,2,1,0.63,0
299900,netbanking,returning,0,5,generic_decline,1,1,0,0.86,1
49900,upi,new,13,1,otp_timeout,0,2,1,0.83,1
999900,wallet,returning,4,5,generic_decline,0,2,0,0.77,0
999900,netbanking,high_value,5,6,otp_timeout,12,1,1,0.51,1
99900,netbanking,churned,4,6,otp_timeout,11,3,0,0.91,0
499900,upi,new,18,6,card_expired,0,0,1,0.7,1
49900,upi,churned,4,4,bank_server_timeout,12,2,0,0.3,0
49900,wallet,new,0,0,card_expired,4,2,0,0.65,0
199900,card,new,6,5,ambiguous_timeout,7,0,0,0.94,1
1499900,card,churned,21,2,insufficient_funds,5,2,1,0.68,0
49900,netbanking,new,13,5,bank_server_timeout,3,5,1,0.23,1
999900,wallet,new,22,3,generic_decline,8,5,0,0.62,0
999900,netbanking,returning,7,4,bank_server_timeout,6,1,1,0.83,1
99900,wallet,churned,17,1,bank_server_timeout,10,2,0,0.26,1
499900,wallet,new,6,5,otp_timeout,8,1,0,0.55,0
499900,upi,churned,1,1,generic_decline,1,5,0,0.01,0
99900,upi,returning,12,0,bank_server_timeout,8,3,1,0.14,0
49900,card,returning,9,0,card_expired,9,2,1,0.24,0
149900,netbanking,returning,13,4,otp_timeout,10,3,0,0.09,0
149900,netbanking,churned,9,3,insufficient_funds,2,4,1,0.24,0
499900,netbanking,high_value,2,6,insufficient_funds,11,2,0,0.96,0
1499900,wallet,high_value,9,0,ambiguous_timeout,10,2,1,0.82,0
99900,upi,returning,8,4,insufficient_funds,10,0,1,0.08,1
199900,card,returning,23,1,otp_timeout,0,1,1,0.94,0
49900,upi,new,21,5,insufficient_funds,1,4,0,0.6,0
299900,upi,churned,4,1,card_expired,5,1,0,0.65,1
999900,upi,returning,23,5,card_expired,8,4,1,0.87,0
199900,card,returning,8,0,card_expired,12,3,0,0.6,0
49900,card,high_value,11,3,card_expired,3,3,0,0.44,0
199900,wallet,churned,7,3,bank_server_timeout,9,5,1,0.16,0
299900,card,churned,19,4,otp_timeout,5,3,1,0.79,0
1499900,upi,high_value,23,5,generic_decline,6,3,1,0.78,0
99900,netbanking,churned,3,2,otp_timeout,9,5,0,0.31,1
999900,netbanking,churned,8,6,otp_timeout,5,1,0,0.82,0
149900,wallet,high_value,20,5,card_expired,2,1,0,0.27,0
149900,card,new,19,3,generic_decline,2,4,1,0.82,0
499900,card,new,13,0,insufficient_funds,6,0,1,0.19,0
99900,netbanking,churned,2,0,otp_timeout,4,3,1,0.76,0
99900,card,returning,1,3,bank_server_timeout,5,5,0,0.54,0
299900,wallet,returning,22,6,insufficient_funds,3,5,1,0.88,0
49900,card,high_value,13,0,otp_timeout,7,5,0,0.21,0
49900,card,new,5,6,generic_decline,9,5,0,0.94,0
149900,netbanking,new,20,2,card_expired,8,0,0,0.89,0
1499900,card,churned,22,1,otp_timeout,1,5,1,0.07,0
99900,wallet,high_value,17,0,ambiguous_timeout,9,1,0,0.59,1
149900,netbanking,new,5,3,card_expired,7,2,1,0.64,0
49900,upi,churned,10,6,insufficient_funds,8,1,0,0.68,0
299900,card,high_value,6,0,otp_timeout,10,3,0,0.79,0
149900,wallet,returning,10,4,otp_timeout,11,2,0,0.76,1
199900,wallet,churned,7,3,card_expired,1,3,0,0.53,0
1499900,upi,returning,6,6,card_expired,10,1,0,0.57,1
499900,wallet,returning,12,0,card_expired,2,5,1,0.76,0
1499900,wallet,churned,16,5,generic_decline,8,1,1,0.98,0
499900,wallet,churned,15,0,insufficient_funds,8,1,1,0.49,0
99900,upi,churned,14,5,otp_timeout,7,1,0,0.35,0
499900,wallet,new,9,5,bank_server_timeout,5,4,1,0.11,0
199900,wallet,new,15,5,otp_timeout,5,1,0,0.13,0
99900,upi,high_value,23,6,ambiguous_timeout,3,1,1,0.47,1
99900,card,churned,23,0,generic_decline,1,0,0,0.73,0
999900,netbanking,high_value,13,4,ambiguous_timeout,10,1,0,0.48,0
499900,netbanking,high_value,19,2,otp_timeout,10,2,0,0.94,0
499900,wallet,high_value,5,3,card_expired,1,2,1,0.94,0
99900,card,high_value,21,6,otp_timeout,9,2,0,0.39,0
499900,netbanking,returning,5,0,card_expired,5,0,1,0.2,0
199900,wallet,high_value,21,2,ambiguous_timeout,2,0,0,0.89,1
49900,card,returning,16,3,otp_timeout,12,3,1,0.47,1
199900,upi,high_value,15,4,card_expired,0,1,0,0.67,0
499900,wallet,returning,15,5,otp_timeout,12,5,1,0.44,0
49900,netbanking,new,5,2,bank_server_timeout,12,3,0,0.35,0
49900,upi,high_value,13,4,card_expired,5,5,0,0.85,0
99900,wallet,high_value,3,0,ambiguous_timeout,4,1,0,0.05,1
199900,card,returning,21,5,bank_server_timeout,0,2,0,0.84,1
499900,upi,new,18,3,bank_server_timeout,3,3,1,0.75,0
499900,card,churned,21,5,ambiguous_timeout,10,1,0,0.8,0
499900,card,new,19,0,insufficient_funds,2,4,1,0.63,0
199900,card,high_value,18,2,ambiguous_timeout,7,4,1,0.36,1
99900,wallet,churned,23,5,ambiguous_timeout,8,5,1,0.21,0
49900,wallet,new,16,2,generic_decline,10,4,1,0.2,0
149900,netbanking,new,8,0,insufficient_funds,1,5,0,0.27,0
1499900,wallet,new,2,2,card_expired,10,5,0,0.66,0
1499900,card,churned,8,6,ambiguous_timeout,4,1,0,0.66,0
99900,netbanking,high_value,11,0,bank_server_timeout,12,4,1,0.99,0
999900,netbanking,churned,5,0,bank_server_timeout,2,0,0,0.34,1
299900,upi,new,20,4,generic_decline,9,1,0,0.37,0
199900,card,churned,12,6,card_expired,7,4,0,0.13,0
199900,wallet,churned,20,4,ambiguous_timeout,4,2,0,0.24,0
299900,wallet,returning,11,6,card_expired,3,2,0,0.79,0
499900,netbanking,churned,19,2,card_expired,5,3,0,0.96,0
199900,wallet,churned,11,3,bank_server_timeout,4,2,0,0.9,1
199900,wallet,returning,4,5,insufficient_funds,6,4,1,0.96,1
49900,netbanking,high_value,13,5,ambiguous_timeout,10,5,0,0.85,0
1499900,upi,new,3,6,generic_decline,12,1,0,0.01,0
99900,netbanking,returning,10,3,generic_decline,5,0,0,0.85,0
49900,card,returning,6,0,insufficient_funds,5,0,1,0.09,0
199900,wallet,returning,19,5,ambiguous_timeout,11,1,0,0.29,1
499900,wallet,high_value,6,6,insufficient_funds,12,1,1,0.85,0
999900,card,returning,9,4,otp_timeout,6,3,1,0.7,1
199900,wallet,churned,15,6,generic_decline,11,5,1,0.99,0
99900,wallet,new,7,3,ambiguous_timeout,1,1,1,0.19,0
99900,card,churned,6,0,generic_decline,9,4,1,0.95,0
199900,upi,returning,10,6,generic_decline,8,5,1,0.87,0
499900,netbanking,new,6,4,otp_timeout,8,4,1,0.64,0
149900,netbanking,new,2,2,bank_server_timeout,7,4,1,0.23,1
999900,upi,churned,21,5,ambiguous_timeout,5,3,1,0.12,0
49900,netbanking,new,21,3,insufficient_funds,12,3,0,0.5,0
199900,card,returning,16,2,generic_decline,0,1,1,0.49,0
1499900,wallet,new,8,0,ambiguous_timeout,3,2,0,0.71,1
1499900,wallet,high_value,5,6,otp_timeout,0,4,1,0.93,1
1499900,netbanking,churned,23,4,ambiguous_timeout,1,1,1,0.73,0
499900,upi,churned,23,6,otp_timeout,1,1,0,0.91,0
149900,card,new,3,3,bank_server_timeout,7,4,0,0.37,1
1499900,card,new,11,5,insufficient_funds,0,4,1,0.08,0
199900,wallet,high_value,23,5,generic_decline,9,1,1,0.68,0
49900,netbanking,high_value,17,5,generic_decline,1,4,1,0.94,0
49900,wallet,high_value,19,3,otp_timeout,3,1,1,0.45,1
1499900,card,returning,2,4,generic_decline,8,4,1,0.04,0
499900,wallet,new,21,3,generic_decline,11,5,1,0.88,0
299900,upi,returning,17,3,ambiguous_timeout,8,0,0,0.3,0
99900,netbanking,churned,7,5,card_expired,4,1,0,0.21,0
99900,wallet,churned,19,0,otp_timeout,12,3,0,0.98,0
149900,netbanking,high_value,12,1,generic_decline,10,1,1,0.35,0
1499900,netbanking,high_value,20,3,otp_timeout,8,5,0,0.52,0
299900,upi,churned,1,0,generic_decline,4,0,0,0.73,0
199900,wallet,high_value,17,6,ambiguous_timeout,10,3,0,0.44,1
1499900,upi,churned,12,1,ambiguous_timeout,1,3,1,0.07,1
999900,card,high_value,22,6,bank_server_timeout,12,1,1,0.87,0
299900,netbanking,high_value,3,1,generic_decline,5,2,1,0.31,0
999900,netbanking,high_value,16,5,card_expired,12,1,0,0.22,0
149900,upi,churned,4,4,insufficient_funds,5,0,0,0.68,0
299900,upi,new,20,4,generic_decline,7,4,0,0.5,1
299900,upi,returning,2,3,otp_timeout,10,0,0,0.6,0
199900,netbanking,returning,8,5,ambiguous_timeout,6,3,1,0.15,0
49900,card,churned,6,1,insufficient_funds,4,5,0,0.34,1
499900,netbanking,high_value,14,3,bank_server_timeout,11,0,0,0.69,1
999900,wallet,churned,14,4,otp_timeout,11,2,1,0.7,0
149900,wallet,returning,15,0,bank_server_timeout,0,2,0,0.2,1
149900,netbanking,returning,0,3,bank_server_timeout,2,0,0,0.62,0
499900,netbanking,new,0,0,otp_timeout,3,5,0,0.78,1
149900,upi,returning,3,6,otp_timeout,5,0,1,0.32,1
199900,upi,high_value,4,1,bank_server_timeout,0,0,1,0.49,1
999900,wallet,new,14,1,generic_decline,9,4,0,0.99,0
149900,wallet,returning,12,4,bank_server_timeout,6,4,1,0.05,1
199900,wallet,churned,21,0,ambiguous_timeout,12,4,1,0.54,0
199900,upi,churned,2,0,insufficient_funds,5,2,0,0.56,0
199900,netbanking,new,17,5,generic_decline,3,0,0,0.46,1
299900,netbanking,high_value,18,4,generic_decline,8,5,1,0.63,0
1499900,card,new,6,4,generic_decline,7,0,0,0.75,1
49900,netbanking,churned,18,6,generic_decline,0,1,0,0.98,0
499900,upi,high_value,10,3,card_expired,6,3,1,0.6,0
199900,card,high_value,7,3,bank_server_timeout,10,3,1,0.31,1
49900,upi,churned,4,5,insufficient_funds,4,2,0,0.39,0
99900,card,churned,3,0,insufficient_funds,5,5,0,0.64,0
199900,card,high_value,0,4,card_expired,9,3,0,0.89,0
1499900,upi,high_value,20,5,bank_server_timeout,7,5,0,0.28,1
299900,upi,returning,7,3,otp_timeout,12,0,0,0.68,0
299900,wallet,returning,15,4,bank_server_timeout,9,2,1,0.25,1
49900,card,returning,19,2,otp_timeout,5,2,0,0.92,1
99900,card,new,23,6,card_expired,3,4,1,0.01,0
199900,netbanking,new,12,4,ambiguous_timeout,4,0,1,0.29,1
49900,netbanking,high_value,8,6,ambiguous_timeout,1,3,1,0.74,1
1499900,upi,churned,3,2,otp_timeout,7,2,1,0.89,1
149900,upi,high_value,8,2,ambiguous_timeout,10,4,1,0.18,0
99900,wallet,high_value,5,2,bank_server_timeout,2,0,0,0.61,1
1499900,netbanking,returning,20,3,insufficient_funds,10,2,0,0.35,0
99900,upi,churned,21,2,insufficient_funds,8,4,0,0.83,0
299900,upi,returning,15,6,ambiguous_timeout,1,3,0,0.42,0
49900,wallet,new,10,2,card_expired,12,5,0,0.17,0
499900,card,new,17,3,ambiguous_timeout,12,4,0,0.55,0
499900,wallet,new,21,4,ambiguous_timeout,4,0,1,0.52,0
99900,wallet,high_value,16,6,otp_timeout,8,4,0,0.91,1
499900,card,new,16,0,generic_decline,4,0,0,0.78,0
299900,netbanking,returning,0,2,insufficient_funds,1,2,1,0.33,0
99900,wallet,high_value,16,1,bank_server_timeout,6,4,0,0.14,1
49900,upi,returning,21,6,insufficient_funds,7,2,0,0.7,0
49900,netbanking,new,10,1,bank_server_timeout,11,2,1,0.8,0
299900,upi,high_value,7,5,otp_timeout,1,3,1,0.74,0
199900,card,churned,22,3,generic_decline,1,0,1,0.54,0
999900,card,high_value,7,0,bank_server_timeout,3,1,1,0.69,1
999900,wallet,returning,10,3,ambiguous_timeout,9,0,1,0.96,1
299900,upi,new,7,6,otp_timeout,6,2,0,0.54,1
49900,netbanking,new,9,6,otp_timeout,7,4,1,0.09,0
299900,upi,new,5,6,bank_server_timeout,12,4,1,0.22,1
299900,wallet,churned,8,1,ambiguous_timeout,1,5,0,0.32,0
149900,card,new,2,5,generic_decline,3,1,1,0.39,0
999900,netbanking,returning,23,0,insufficient_funds,5,5,0,0.78,0
149900,wallet,high_value,3,0,card_expired,9,0,1,0.25,0
1499900,upi,churned,22,4,insufficient_funds,2,4,0,0.4,0
1499900,card,returning,0,1,card_expired,7,3,0,0.75,0
49900,upi,high_value,3,2,ambiguous_timeout,7,5,0,0.08,0
199900,netbanking,returning,22,6,insufficient_funds,9,3,0,0.81,0
99900,upi,high_value,16,1,ambiguous_timeout,2,1,1,0.9,1
299900,card,high_value,13,0,card_expired,2,1,0,0.34,0
199900,wallet,high_value,21,4,bank_server_timeout,0,0,0,0.26,1
199900,upi,churned,7,3,insufficient_funds,9,3,0,0.53,0
499900,wallet,high_value,10,3,insufficient_funds,3,3,1,0.56,0
499900,upi,high_value,2,2,otp_timeout,0,4,0,0.58,0
49900,wallet,high_value,6,2,ambiguous_timeout,4,3,1,0.38,0
99900,netbanking,returning,16,6,ambiguous_timeout,5,5,1,0.53,0
299900,card,returning,23,1,otp_timeout,12,2,1,0.28,1
299900,upi,high_value,11,6,ambiguous_timeout,6,1,0,0.6,1
499900,wallet,high_value,13,6,otp_timeout,4,4,0,0.37,0
199900,upi,returning,21,5,insufficient_funds,11,2,1,0.96,0
299900,netbanking,returning,16,0,insufficient_funds,4,0,1,0.01,1
99900,card,churned,5,6,ambiguous_timeout,11,0,0,0.36,0
199900,upi,returning,11,1,bank_server_timeout,8,3,1,0.0,0
199900,card,churned,17,6,otp_timeout,8,1,0,0.75,1
149900,wallet,new,5,5,otp_timeout,0,3,1,0.92,1
199900,netbanking,high_value,10,6,card_expired,9,5,1,0.93,0
199900,card,new,11,2,card_expired,11,5,0,0.24,0
299900,upi,returning,1,0,ambiguous_timeout,1,3,0,0.83,0
149900,upi,new,12,4,generic_decline,7,4,0,0.06,0
149900,upi,returning,4,4,otp_timeout,3,0,1,0.64,0
99900,upi,churned,0,3,card_expired,11,0,1,0.95,0
999900,netbanking,new,10,6,otp_timeout,1,2,0,0.09,1
199900,card,churned,14,1,generic_decline,3,1,0,0.18,1
1499900,wallet,returning,5,6,insufficient_funds,2,1,1,0.94,1
499900,upi,high_value,5,1,ambiguous_timeout,7,0,0,0.88,0
99900,wallet,churned,9,4,otp_timeout,9,5,1,0.85,0
49900,upi,new,12,1,bank_server_timeout,11,0,0,0.87,1
999900,card,high_value,23,5,ambiguous_timeout,6,2,0,0.32,0
149900,card,new,18,2,bank_server_timeout,12,3,0,0.79,1
1499900,wallet,high_value,16,2,bank_server_timeout,2,3,0,0.12,1
499900,card,high_value,3,0,insufficient_funds,6,2,0,0.5,0
49900,card,returning,7,6,generic_decline,10,4,1,0.38,0
49900,upi,returning,1,4,generic_decline,11,5,0,0.02,0
499900,upi,new,11,3,generic_decline,3,3,0,0.2,0
999900,wallet,high_value,5,4,ambiguous_timeout,12,3,0,0.99,1
999900,wallet,churned,22,2,ambiguous_timeout,7,2,0,0.89,0
149900,upi,new,22,5,ambiguous_timeout,11,0,1,0.72,1
99900,card,high_value,21,4,otp_timeout,11,5,1,0.77,0
149900,netbanking,returning,23,1,generic_decline,4,4,1,0.48,0
499900,card,high_value,2,6,otp_timeout,2,0,0,0.09,0
1499900,upi,returning,21,5,card_expired,2,2,1,0.04,0
99900,wallet,new,23,5,insufficient_funds,11,5,0,0.23,0
299900,upi,new,0,1,card_expired,0,5,1,0.55,0
49900,upi,returning,2,5,generic_decline,10,0,0,0.07,0
49900,wallet,churned,11,6,ambiguous_timeout,4,0,0,0.58,1
199900,wallet,high_value,8,0,otp_timeout,4,0,1,0.97,0
49900,wallet,returning,22,3,otp_timeout,5,4,1,0.51,0
99900,card,new,21,0,generic_decline,12,0,1,0.14,0
1499900,wallet,churned,14,3,generic_decline,5,3,1,0.58,1
199900,wallet,returning,13,5,bank_server_timeout,2,3,0,0.23,1
499900,card,high_value,5,6,insufficient_funds,4,5,0,0.02,0
199900,upi,returning,1,3,card_expired,5,0,0,0.09,0
1499900,netbanking,high_value,8,0,ambiguous_timeout,9,1,0,0.12,0
149900,netbanking,new,8,2,generic_decline,10,5,1,0.19,1
499900,netbanking,high_value,5,6,generic_decline,7,0,1,0.35,0
299900,wallet,high_value,11,6,otp_timeout,8,5,1,0.62,0
299900,wallet,new,5,6,otp_timeout,12,4,0,0.61,0
99900,card,high_value,22,3,generic_decline,7,5,1,0.52,0
199900,upi,churned,5,1,generic_decline,3,5,0,0.05,0
199900,wallet,high_value,7,0,otp_timeout,1,3,1,0.44,0
299900,upi,churned,2,2,generic_decline,9,5,1,0.55,0
199900,netbanking,returning,4,0,insufficient_funds,0,5,1,0.36,0
1499900,card,high_value,18,5,card_expired,7,1,1,0.78,0
999900,wallet,new,13,3,ambiguous_timeout,3,1,1,0.18,0
99900,upi,churned,5,2,card_expired,7,1,0,0.23,0
199900,netbanking,new,20,2,card_expired,1,5,0,0.19,0
999900,netbanking,high_value,1,4,insufficient_funds,6,3,0,0.44,0
149900,upi,high_value,5,1,card_expired,1,4,1,0.62,0
999900,netbanking,returning,1,4,otp_timeout,8,0,1,0.64,0
149900,wallet,high_value,23,6,ambiguous_timeout,7,3,1,0.75,0
299900,card,high_value,7,5,bank_server_timeout,1,5,1,0.88,1
999900,card,high_value,11,3,ambiguous_timeout,8,5,0,0.21,0
1499900,netbanking,churned,23,5,card_expired,11,2,0,0.95,0
499900,upi,high_value,22,2,ambiguous_timeout,0,0,1,0.63,1
299900,netbanking,high_value,16,5,generic_decline,9,5,1,0.9,1
499900,netbanking,new,4,1,ambiguous_timeout,4,5,0,0.1,0
99900,card,churned,7,2,otp_timeout,9,1,0,0.89,0
1499900,netbanking,churned,21,3,otp_timeout,9,2,1,0.97,1
499900,wallet,high_value,12,2,bank_server_timeout,5,0,0,0.51,0
499900,upi,returning,17,1,ambiguous_timeout,12,1,1,0.96,0
299900,wallet,high_value,10,3,ambiguous_timeout,10,4,1,0.32,0
299900,wallet,high_value,0,4,generic_decline,3,4,1,0.96,0
199900,netbanking,churned,9,4,insufficient_funds,2,0,0,0.15,0
99900,upi,returning,4,4,otp_timeout,9,0,0,0.45,1
499900,card,churned,8,4,ambiguous_timeout,1,0,0,0.47,1
49900,upi,high_value,6,4,generic_decline,0,1,1,0.5,0
149900,wallet,churned,22,2,insufficient_funds,6,4,0,0.52,0
199900,upi,returning,18,6,insufficient_funds,9,0,0,0.37,0
999900,wallet,returning,13,5,insufficient_funds,1,4,0,0.54,0
99900,upi,returning,12,5,generic_decline,9,4,1,0.5,0
999900,upi,churned,7,0,generic_decline,12,3,0,0.74,0
149900,wallet,new,3,3,card_expired,12,3,1,0.52,0
999900,netbanking,new,20,1,insufficient_funds,10,5,0,0.37,0
199900,upi,churned,3,2,otp_timeout,3,0,0,0.74,0
49900,upi,high_value,15,5,otp_timeout,8,0,0,0.78,0
499900,netbanking,churned,16,3,generic_decline,2,1,1,0.33,0
49900,card,returning,7,4,generic_decline,1,3,0,0.64,0
99900,wallet,high_value,7,1,generic_decline,1,2,1,0.17,0
499900,netbanking,high_value,6,6,insufficient_funds,9,0,0,0.68,0
999900,upi,churned,16,3,bank_server_timeout,10,0,1,0.93,1
49900,wallet,high_value,0,1,ambiguous_timeout,0,0,0,0.6,1
299900,netbanking,new,20,3,insufficient_funds,8,2,1,0.92,0
49900,wallet,high_value,11,5,bank_server_timeout,12,3,1,0.57,0
1499900,card,new,1,5,generic_decline,12,3,1,0.99,0
49900,card,high_value,13,3,generic_decline,7,5,1,0.98,0
999900,card,new,8,3,otp_timeout,1,2,1,0.57,0
499900,netbanking,churned,5,1,bank_server_timeout,9,5,1,0.17,0
99900,wallet,high_value,8,5,bank_server_timeout,7,5,1,0.72,0
299900,upi,churned,13,3,generic_decline,7,1,0,0.62,0
499900,upi,high_value,10,4,otp_timeout,1,1,0,0.79,1
149900,wallet,churned,4,1,insufficient_funds,9,1,1,0.25,0
99900,card,returning,2,0,insufficient_funds,7,4,1,0.09,0
999900,wallet,churned,0,3,ambiguous_timeout,7,1,1,0.96,0
499900,wallet,new,7,2,card_expired,2,2,0,0.56,0
299900,upi,returning,12,5,otp_timeout,6,4,1,0.66,1
1499900,upi,new,10,0,bank_server_timeout,4,0,0,0.47,1
499900,netbanking,high_value,5,5,otp_timeout,9,0,1,0.55,0
999900,upi,high_value,2,0,insufficient_funds,4,1,1,0.08,0
199900,wallet,high_value,0,0,bank_server_timeout,10,3,0,0.39,0
99900,netbanking,high_value,13,1,card_expired,10,0,0,0.14,0
149900,upi,returning,21,2,generic_decline,12,0,0,0.31,0
99900,wallet,returning,9,0,generic_decline,8,5,0,0.32,0
1499900,netbanking,returning,4,3,ambiguous_timeout,8,5,1,0.76,0
99900,wallet,churned,16,0,bank_server_timeout,4,1,0,0.68,0
199900,upi,returning,1,6,card_expired,12,3,1,0.24,0
99900,card,new,21,5,ambiguous_timeout,2,5,0,0.87,0
299900,wallet,returning,22,1,card_expired,4,4,1,0.78,0
1499900,card,returning,21,5,card_expired,12,0,1,0.32,0
149900,netbanking,churned,3,6,generic_decline,8,5,0,0.21,0
1499900,wallet,new,13,5,bank_server_timeout,5,2,0,0.16,1
149900,netbanking,churned,2,4,bank_server_timeout,2,4,1,0.29,1
1499900,wallet,new,13,6,insufficient_funds,2,3,1,0.22,1
99900,card,returning,9,3,insufficient_funds,4,2,0,0.08,0
49900,netbanking,churned,7,2,insufficient_funds,2,4,0,0.07,0
499900,wallet,high_value,2,2,generic_decline,11,3,0,0.13,1
1499900,netbanking,new,10,6,ambiguous_timeout,5,0,1,0.5,0
499900,card,high_value,12,2,bank_server_timeout,11,4,0,0.24,1
49900,upi,churned,17,0,bank_server_timeout,0,2,1,0.19,0
1499900,netbanking,returning,5,4,ambiguous_timeout,10,2,1,0.98,0
199900,card,new,19,5,insufficient_funds,1,5,0,0.09,0
299900,netbanking,new,8,4,bank_server_timeout,2,3,0,0.51,1
999900,wallet,new,3,4,otp_timeout,3,5,1,0.26,1
499900,upi,high_value,7,2,insufficient_funds,11,2,0,0.83,0
49900,card,churned,5,2,generic_decline,0,3,1,0.06,0
49900,upi,new,7,4,bank_server_timeout,8,3,0,0.42,0
199900,netbanking,returning,17,3,otp_timeout,2,1,0,0.36,1
1499900,card,new,21,2,insufficient_funds,12,4,1,0.25,0
49900,card,returning,17,4,bank_server_timeout,10,4,0,0.58,1
49900,upi,returning,4,2,bank_server_timeout,4,3,0,0.85,0
199900,netbanking,new,15,0,card_expired,7,1,0,0.87,0
499900,upi,new,5,6,bank_server_timeout,11,1,1,0.67,0
499900,upi,churned,21,3,ambiguous_timeout,2,5,0,0.99,0
49900,wallet,high_value,14,0,otp_timeout,2,2,0,0.46,1
499900,upi,returning,18,0,otp_timeout,9,3,0,0.94,1
149900,card,new,12,5,otp_timeout,11,0,1,0.34,0
49900,wallet,returning,6,1,card_expired,11,3,1,0.35,0
199900,netbanking,returning,13,0,generic_decline,1,5,0,0.95,0
199900,netbanking,returning,3,1,ambiguous_timeout,0,1,0,0.59,1
999900,wallet,churned,18,3,bank_server_timeout,12,3,0,0.76,0
999900,upi,returning,21,4,bank_server_timeout,3,0,0,0.07,0
49900,upi,returning,9,1,ambiguous_timeout,0,4,1,0.84,0
199900,upi,new,22,5,card_expired,11,4,1,0.22,0
99900,wallet,returning,9,6,bank_server_timeout,2,3,1,0.15,0
199900,upi,churned,2,2,card_expired,3,2,1,0.17,0
49900,card,returning,4,4,bank_server_timeout,0,1,0,0.91,1
1499900,wallet,churned,16,0,bank_server_timeout,1,1,0,0.4,1
49900,upi,returning,8,5,card_expired,5,1,1,0.45,0
99900,wallet,new,6,6,otp_timeout,12,4,0,0.73,1
299900,wallet,high_value,14,5,bank_server_timeout,3,5,0,0.21,1
499900,netbanking,churned,2,5,card_expired,11,0,0,0.96,0
299900,wallet,churned,5,2,generic_decline,2,3,1,0.67,0
299900,netbanking,new,20,2,bank_server_timeout,11,1,0,0.67,1
49900,upi,churned,6,0,ambiguous_timeout,7,1,0,0.71,1
149900,upi,new,10,5,generic_decline,11,5,1,0.01,0
1499900,upi,churned,3,1,bank_server_timeout,11,3,1,0.08,1
149900,wallet,churned,1,2,insufficient_funds,7,3,0,0.04,0
49900,card,high_value,2,0,otp_timeout,6,3,1,0.51,0
149900,card,high_value,0,1,ambiguous_timeout,5,3,1,0.36,1
299900,wallet,churned,8,6,bank_server_timeout,8,1,1,0.28,1
99900,card,new,1,0,insufficient_funds,4,3,0,0.85,0
199900,card,high_value,17,5,generic_decline,8,2,0,0.86,0
199900,wallet,high_value,12,6,ambiguous_timeout,10,2,1,0.76,1
199900,netbanking,churned,8,5,insufficient_funds,5,3,1,0.96,0
49900,netbanking,returning,22,4,bank_server_timeout,11,2,1,0.06,1
1499900,wallet,high_value,9,3,bank_server_timeout,3,2,0,0.04,0
49900,upi,churned,12,1,bank_server_timeout,12,1,0,0.32,1
299900,wallet,new,16,0,ambiguous_timeout,5,4,0,0.33,0
99900,wallet,returning,18,0,otp_timeout,12,1,1,0.03,0
49900,card,new,17,4,ambiguous_timeout,6,5,1,0.3,1
1499900,card,returning,11,2,card_expired,8,1,0,0.26,0
499900,netbanking,churned,13,3,bank_server_timeout,12,3,0,0.36,0
299900,netbanking,churned,9,5,card_expired,2,4,1,0.48,0
299900,netbanking,new,9,5,card_expired,3,0,1,0.98,0
299900,upi,new,2,3,ambiguous_timeout,1,2,0,0.34,0
99900,upi,new,4,5,card_expired,2,5,1,0.43,0
99900,card,new,20,3,insufficient_funds,3,5,1,0.41,0
499900,wallet,churned,21,4,bank_server_timeout,5,0,1,0.58,1
49900,wallet,new,17,1,generic_decline,12,4,1,0.65,1
49900,card,high_value,19,1,generic_decline,11,0,1,0.7,0
1499900,netbanking,churned,18,4,generic_decline,0,1,1,0.81,0
199900,netbanking,new,1,4,bank_server_timeout,10,0,0,0.92,1
499900,netbanking,churned,8,2,insufficient_funds,3,0,0,0.46,0
199900,card,returning,6,3,generic_decline,3,3,0,0.31,0
499900,wallet,returning,0,6,bank_server_timeout,5,5,0,0.41,1
999900,upi,high_value,14,3,insufficient_funds,10,4,0,0.79,0
149900,card,returning,14,4,ambiguous_timeout,4,3,1,0.2,0
999900,card,new,18,3,bank_server_timeout,9,1,0,0.78,1
199900,netbanking,returning,9,2,card_expired,1,2,1,0.49,0
199900,netbanking,new,15,4,otp_timeout,4,4,1,0.22,0
1499900,netbanking,churned,5,3,ambiguous_timeout,12,1,0,0.65,1
299900,card,new,0,4,insufficient_funds,1,3,1,0.48,0
49900,wallet,churned,21,3,generic_decline,8,4,0,0.15,0
299900,card,high_value,4,1,generic_decline,0,0,0,0.48,0
49900,netbanking,returning,22,3,bank_server_timeout,4,4,0,0.4,0
499900,upi,churned,10,6,insufficient_funds,7,0,0,0.77,0
149900,card,returning,4,5,card_expired,0,1,1,0.88,0
99900,wallet,churned,20,2,ambiguous_timeout,3,4,0,0.24,0
99900,netbanking,returning,7,2,otp_timeout,2,5,1,0.68,1
149900,netbanking,new,9,3,card_expired,10,1,0,0.61,1
99900,netbanking,new,18,0,otp_timeout,8,2,1,0.56,1
99900,upi,high_value,21,1,generic_decline,5,2,1,0.96,0
99900,upi,new,12,2,card_expired,1,4,0,0.41,0
1499900,card,new,4,4,generic_decline,2,1,0,0.95,0
999900,card,returning,11,6,bank_server_timeout,2,1,0,0.59,1
1499900,card,high_value,8,2,otp_timeout,11,2,1,0.48,0
149900,card,high_value,0,2,insufficient_funds,7,4,1,0.68,0
999900,netbanking,returning,8,3,insufficient_funds,9,3,1,0.05,0
149900,card,churned,19,0,card_expired,8,5,1,0.38,0
999900,upi,returning,16,1,generic_decline,11,2,1,0.02,0
299900,card,high_value,6,1,card_expired,10,4,1,0.34,0
499900,wallet,high_value,3,0,insufficient_funds,12,2,0,0.83,0
299900,wallet,churned,13,0,otp_timeout,9,4,0,0.93,0
999900,wallet,returning,16,5,ambiguous_timeout,1,2,1,0.87,0
1499900,upi,new,11,5,card_expired,6,1,1,0.84,0
299900,netbanking,high_value,3,1,generic_decline,1,2,1,0.97,0
1499900,wallet,returning,9,5,ambiguous_timeout,6,0,1,0.15,0
999900,card,new,13,0,otp_timeout,8,4,0,0.83,0
499900,upi,churned,14,3,bank_server_timeout,12,3,1,0.08,1
199900,netbanking,churned,0,0,bank_server_timeout,1,3,0,0.1,1
1499900,netbanking,new,19,4,card_expired,3,3,0,0.02,0
999900,netbanking,returning,22,3,ambiguous_timeout,2,3,1,0.8,1
1499900,netbanking,new,1,5,insufficient_funds,2,3,0,0.54,0
499900,netbanking,returning,13,1,bank_server_timeout,11,3,0,0.61,0
49900,netbanking,returning,9,4,insufficient_funds,9,1,0,0.71,0
49900,card,new,4,6,bank_server_timeout,5,2,0,0.77,1
149900,netbanking,churned,5,2,insufficient_funds,1,1,1,0.97,1
49900,wallet,churned,4,1,bank_server_timeout,5,4,0,0.89,0
299900,netbanking,returning,5,1,bank_server_timeout,1,2,1,0.77,1
99900,wallet,high_value,15,3,generic_decline,12,5,0,0.06,1
99900,wallet,new,4,6,ambiguous_timeout,8,2,0,0.12,0
999900,wallet,churned,3,0,generic_decline,1,2,0,0.51,0
499900,wallet,high_value,17,2,card_expired,11,5,0,0.11,0
49900,wallet,high_value,16,5,otp_timeout,1,0,0,0.43,0
149900,wallet,high_value,3,6,bank_server_timeout,11,1,0,0.41,1
999900,wallet,high_value,20,3,insufficient_funds,6,0,1,0.35,1
1499900,netbanking,returning,12,2,ambiguous_timeout,12,2,1,0.11,0
299900,wallet,churned,18,1,otp_timeout,4,3,0,0.79,0
49900,netbanking,returning,13,6,generic_decline,7,0,0,0.34,0
99900,wallet,high_value,16,3,otp_timeout,9,2,1,0.15,0
499900,netbanking,new,2,2,otp_timeout,10,5,0,0.11,0
999900,card,high_value,12,2,generic_decline,1,1,0,0.12,1
199900,netbanking,high_value,19,4,ambiguous_timeout,12,2,1,0.64,1
299900,wallet,new,17,1,otp_timeout,11,3,1,0.29,0
999900,netbanking,high_value,10,1,ambiguous_timeout,7,0,1,0.9,1
999900,card,returning,13,0,card_expired,6,4,0,0.75,1
199900,netbanking,high_value,13,2,ambiguous_timeout,6,0,0,0.19,1
149900,upi,returning,2,6,generic_decline,3,2,1,0.16,0
199900,wallet,new,16,3,insufficient_funds,5,2,1,0.93,1
1499900,card,returning,5,0,card_expired,2,0,1,0.64,0
99900,card,returning,7,4,bank_server_timeout,2,4,0,0.3,0
49900,card,returning,15,1,bank_server_timeout,4,3,1,0.91,1
149900,card,returning,19,4,card_expired,8,0,1,0.95,0
999900,upi,new,23,4,insufficient_funds,5,2,1,0.2,0
49900,card,new,0,5,bank_server_timeout,3,0,0,0.33,1
149900,upi,high_value,9,1,otp_timeout,8,0,1,0.27,0
199900,netbanking,new,13,4,ambiguous_timeout,9,4,0,0.43,0
1499900,upi,high_value,9,2,generic_decline,10,0,1,0.37,0
299900,upi,new,18,0,bank_server_timeout,5,1,0,0.32,1
99900,netbanking,returning,0,5,generic_decline,4,1,0,0.68,0
999900,netbanking,returning,19,0,bank_server_timeout,5,4,1,0.32,1
149900,netbanking,high_value,22,0,otp_timeout,1,3,1,0.94,1
199900,card,returning,20,2,generic_decline,12,5,1,0.36,0
49900,card,churned,5,2,card_expired,6,0,0,0.29,0
299900,netbanking,new,12,0,otp_timeout,2,3,0,0.81,0
149900,upi,returning,0,6,otp_timeout,6,2,0,0.64,0
49900,card,high_value,12,3,ambiguous_timeout,6,5,1,0.06,0
99900,card,new,11,3,generic_decline,10,3,0,0.29,0
99900,wallet,new,11,4,insufficient_funds,4,0,0,0.12,0
499900,wallet,new,10,0,otp_timeout,6,4,1,0.23,1
499900,upi,returning,21,1,ambiguous_timeout,9,0,1,0.64,1
199900,wallet,new,21,6,card_expired,9,2,1,0.49,0
999900,wallet,returning,17,4,card_expired,10,5,1,0.02,0
149900,upi,returning,22,3,insufficient_funds,4,4,1,0.68,0
199900,card,churned,6,3,otp_timeout,5,4,1,0.31,0
299900,netbanking,high_value,22,1,ambiguous_timeout,9,5,1,0.91,0
149900,netbanking,new,16,5,ambiguous_timeout,0,0,1,0.67,0
999900,netbanking,new,21,1,generic_decline,8,5,0,0.56,0
199900,upi,new,15,5,ambiguous_timeout,2,5,0,0.44,0
49900,upi,new,20,0,bank_server_timeout,4,0,1,0.84,1
199900,card,churned,2,6,otp_timeout,10,0,1,0.46,1
149900,upi,high_value,4,3,bank_server_timeout,12,5,0,0.83,1
149900,netbanking,new,9,0,bank_server_timeout,5,1,1,0.24,0
999900,upi,churned,15,6,ambiguous_timeout,6,3,0,0.87,0
1499900,wallet,returning,7,0,insufficient_funds,10,0,0,0.27,0
1499900,wallet,high_value,22,6,bank_server_timeout,4,5,1,0.81,1
49900,card,returning,6,6,insufficient_funds,6,3,0,0.61,0
499900,wallet,high_value,10,2,card_expired,7,0,0,0.5,0
49900,wallet,high_value,10,1,ambiguous_timeout,4,1,0,0.38,0
99900,upi,new,22,6,generic_decline,4,0,0,0.81,1
499900,upi,high_value,19,1,ambiguous_timeout,1,2,0,0.4,1
499900,card,high_value,20,1,insufficient_funds,5,4,1,0.41,0
299900,card,churned,12,5,ambiguous_timeout,9,2,1,0.68,0
499900,card,returning,9,1,otp_timeout,1,3,0,0.57,1
299900,netbanking,churned,8,1,ambiguous_timeout,8,3,1,0.59,0
99900,card,new,13,5,card_expired,11,0,1,0.2,0
199900,card,returning,5,0,insufficient_funds,0,0,1,0.46,0
499900,card,returning,19,5,ambiguous_timeout,4,5,1,0.98,0
999900,upi,returning,17,6,generic_decline,6,4,1,0.03,0
199900,upi,high_value,17,5,bank_server_timeout,6,5,1,0.84,0
1499900,wallet,churned,20,4,insufficient_funds,6,2,0,0.84,0
999900,upi,high_value,9,6,card_expired,3,5,1,0.73,0
199900,wallet,returning,4,6,otp_timeout,9,2,1,0.39,0
999900,card,high_value,6,6,generic_decline,4,5,0,0.49,0
49900,wallet,returning,18,4,otp_timeout,11,1,1,0.13,1
49900,upi,new,4,3,card_expired,0,1,1,0.78,0
199900,upi,returning,1,4,generic_decline,2,1,0,0.76,1
299900,upi,churned,14,6,generic_decline,7,0,1,0.58,0
49900,netbanking,new,3,5,ambiguous_timeout,11,4,1,0.97,1
199900,netbanking,returning,22,5,card_expired,11,5,0,0.82,0
49900,wallet,churned,4,4,insufficient_funds,11,0,0,0.96,1
149900,wallet,new,3,1,bank_server_timeout,7,0,0,0.55,1
199900,upi,returning,4,5,ambiguous_timeout,5,1,1,0.49,0
199900,wallet,high_value,9,5,insufficient_funds,7,3,1,0.54,1
199900,card,churned,21,0,ambiguous_timeout,2,3,0,0.37,0
199900,netbanking,returning,15,5,ambiguous_timeout,10,3,1,0.56,0
1499900,card,high_value,1,3,card_expired,2,1,1,0.18,0
149900,upi,new,7,3,generic_decline,6,5,1,0.43,0
499900,card,high_value,22,3,bank_server_timeout,9,4,1,0.69,1
99900,wallet,returning,2,3,insufficient_funds,0,1,0,0.63,0
299900,netbanking,high_value,14,6,generic_decline,0,2,0,0.07,0
1499900,wallet,high_value,17,4,insufficient_funds,12,5,1,0.92,0
49900,upi,returning,4,1,otp_timeout,6,4,1,0.89,0
999900,wallet,returning,6,5,generic_decline,4,5,0,0.08,0
299900,wallet,new,8,4,bank_server_timeout,9,0,0,0.21,1
999900,wallet,returning,10,3,insufficient_funds,8,2,0,0.14,0
1499900,card,returning,7,0,generic_decline,10,3,0,0.31,0
299900,card,high_value,19,1,otp_timeout,11,1,0,0.13,0
149900,wallet,returning,19,0,otp_timeout,4,5,1,0.96,0
999900,netbanking,new,9,2,ambiguous_timeout,11,5,0,1.0,0
1499900,wallet,returning,3,3,ambiguous_timeout,10,4,0,0.24,0
149900,upi,new,8,1,ambiguous_timeout,6,5,1,0.41,0
299900,netbanking,returning,23,6,bank_server_timeout,11,0,1,0.03,1
49900,wallet,new,6,1,insufficient_funds,0,5,0,0.11,0
199900,wallet,high_value,2,3,bank_server_timeout,9,0,1,0.37,0
49900,netbanking,new,4,6,ambiguous_timeout,4,2,1,0.06,1
149900,netbanking,new,13,5,card_expired,1,1,1,0.04,0
149900,card,high_value,20,5,insufficient_funds,4,3,0,0.62,0
1499900,wallet,churned,2,4,generic_decline,4,1,1,0.58,0
199900,wallet,new,5,0,bank_server_timeout,0,2,1,0.61,0
149900,wallet,high_value,21,4,bank_server_timeout,12,1,1,0.31,0
149900,upi,returning,16,2,otp_timeout,4,1,0,0.96,1
499900,netbanking,high_value,9,5,otp_timeout,11,2,1,0.34,1
499900,netbanking,high_value,6,3,bank_server_timeout,6,2,1,0.67,0
299900,card,returning,20,5,ambiguous_timeout,9,5,0,0.18,0
999900,card,churned,11,4,generic_decline,5,0,0,0.65,0
1499900,netbanking,churned,17,0,card_expired,11,3,1,0.3,0
1499900,upi,high_value,19,0,ambiguous_timeout,2,2,0,0.69,1
499900,wallet,returning,10,2,otp_timeout,10,0,1,0.18,0
49900,wallet,churned,16,1,card_expired,6,4,0,0.0,0
299900,netbanking,returning,2,5,ambiguous_timeout,5,2,0,0.37,0
499900,card,high_value,22,0,bank_server_timeout,3,5,1,0.29,1
49900,upi,new,5,0,bank_server_timeout,12,3,1,0.5,1
1499900,wallet,churned,16,3,ambiguous_timeout,8,5,0,0.05,0
199900,upi,new,10,4,bank_server_timeout,4,2,0,0.02,0
499900,upi,returning,18,0,generic_decline,0,0,0,0.95,0
499900,wallet,new,20,5,insufficient_funds,0,5,1,0.93,0
49900,upi,high_value,2,2,insufficient_funds,1,2,0,0.86,0
99900,upi,returning,17,0,ambiguous_timeout,10,1,0,0.22,0
299900,wallet,high_value,18,3,bank_server_timeout,10,3,1,0.69,0
149900,upi,high_value,0,3,ambiguous_timeout,3,5,1,0.31,0
149900,card,returning,0,5,otp_timeout,5,0,1,0.92,0
199900,upi,returning,19,5,bank_server_timeout,4,5,1,0.92,1
49900,upi,returning,10,3,otp_timeout,11,2,1,0.19,0
49900,card,churned,15,4,card_expired,5,4,0,0.97,0
99900,wallet,high_value,0,3,card_expired,0,2,1,0.59,0
1499900,card,high_value,10,6,otp_timeout,6,3,1,0.04,1
149900,upi,high_value,22,6,insufficient_funds,3,5,0,0.89,0
499900,upi,high_value,3,2,ambiguous_timeout,1,3,1,0.56,0
149900,wallet,returning,14,4,generic_decline,10,0,1,0.87,0
99900,card,churned,5,4,generic_decline,6,2,1,0.81,0
1499900,upi,new,0,3,insufficient_funds,6,5,0,0.87,0
999900,netbanking,churned,11,1,generic_decline,4,3,1,0.64,0
149900,upi,churned,16,3,generic_decline,5,3,0,0.09,0
499900,upi,returning,19,0,ambiguous_timeout,6,1,1,0.68,1
49900,wallet,high_value,8,5,ambiguous_timeout,7,5,1,0.4,0
999900,upi,new,2,0,bank_server_timeout,7,3,1,0.86,0
999900,upi,churned,10,2,ambiguous_timeout,7,1,0,0.41,0
1499900,upi,churned,3,1,card_expired,12,2,1,0.43,0
1499900,wallet,returning,21,5,card_expired,12,1,1,0.17,0
299900,upi,new,22,2,insufficient_funds,8,2,0,0.26,0
499900,netbanking,churned,1,6,bank_server_timeout,8,2,1,0.26,0
499900,card,high_value,12,0,ambiguous_timeout,3,5,0,0.84,0
1499900,netbanking,new,22,2,generic_decline,9,5,0,0.93,1
499900,upi,new,20,4,generic_decline,3,2,0,0.93,1
999900,netbanking,churned,6,3,card_expired,10,0,0,0.29,0
199900,netbanking,returning,3,6,otp_timeout,3,1,1,0.5,1
1499900,netbanking,new,3,6,insufficient_funds,6,2,1,0.55,0
199900,wallet,returning,7,4,card_expired,12,0,0,0.98,0
999900,netbanking,new,8,0,insufficient_funds,7,4,1,0.87,0
999900,card,high_value,2,2,card_expired,10,2,0,0.65,0
199900,upi,new,14,1,otp_timeout,7,0,1,0.37,0
149900,upi,high_value,1,0,otp_timeout,7,5,0,0.06,0
299900,card,churned,18,4,otp_timeout,10,0,1,0.14,1
49900,card,high_value,9,4,insufficient_funds,11,4,1,0.0,0
1499900,wallet,high_value,10,2,card_expired,8,0,0,0.56,0
199900,wallet,churned,3,4,bank_server_timeout,10,1,1,0.04,0
1499900,netbanking,high_value,13,5,otp_timeout,12,1,0,0.13,0
499900,wallet,new,5,1,insufficient_funds,8,3,1,0.39,0
149900,card,new,9,2,generic_decline,2,0,0,0.49,0
49900,card,churned,21,3,bank_server_timeout,12,5,0,0.35,0
1499900,netbanking,new,9,0,card_expired,10,1,1,0.57,0
1499900,upi,new,10,6,generic_decline,5,0,1,0.84,0
99900,card,new,20,1,ambiguous_timeout,8,0,1,0.48,1
1499900,card,high_value,19,0,ambiguous_timeout,5,0,1,0.8,0
149900,netbanking,new,23,4,generic_decline,9,0,1,0.09,0
299900,wallet,new,20,3,card_expired,12,5,1,0.14,0
499900,card,new,7,1,otp_timeout,3,2,1,0.16,0
1499900,upi,returning,20,5,card_expired,2,5,0,0.93,0
199900,netbanking,returning,10,4,card_expired,10,2,0,0.43,0
149900,upi,high_value,8,4,card_expired,4,0,0,0.09,0
149900,card,high_value,5,1,generic_decline,11,4,1,0.38,0
149900,card,new,13,2,bank_server_timeout,8,1,1,0.63,1
49900,card,high_value,2,5,generic_decline,6,1,1,0.18,0
999900,netbanking,returning,1,5,generic_decline,12,1,0,0.33,0
299900,upi,churned,23,4,bank_server_timeout,3,3,1,0.59,0
1499900,wallet,churned,5,4,generic_decline,5,3,1,0.64,0
149900,upi,returning,5,0,card_expired,10,3,0,0.33,0
49900,upi,returning,2,2,bank_server_timeout,6,0,0,0.12,1
149900,upi,new,17,2,bank_server_timeout,7,0,0,0.09,0
149900,wallet,churned,0,6,generic_decline,11,5,1,0.46,0
149900,card,new,6,0,otp_timeout,2,3,0,0.43,0
149900,netbanking,high_value,9,1,insufficient_funds,6,2,0,0.23,0
999900,wallet,new,6,3,generic_decline,5,4,0,0.91,1
299900,upi,new,16,5,otp_timeout,10,4,1,0.09,1
99900,netbanking,returning,23,5,insufficient_funds,6,1,0,0.89,1
299900,card,churned,8,6,ambiguous_timeout,7,4,0,0.77,0
1499900,card,churned,10,1,bank_server_timeout,5,3,0,0.49,0
199900,upi,churned,15,2,bank_server_timeout,2,2,1,0.09,1
499900,netbanking,new,20,3,card_expired,12,5,1,0.1,0
49900,card,churned,18,4,card_expired,2,0,0,0.49,1
199900,upi,churned,1,1,insufficient_funds,2,0,1,0.04,0
149900,card,new,14,2,bank_server_timeout,9,0,1,0.06,1
199900,wallet,new,0,5,insufficient_funds,7,3,0,0.95,0
49900,netbanking,churned,11,5,ambiguous_timeout,0,4,0,0.53,0
99900,card,high_value,22,5,ambiguous_timeout,9,5,0,0.42,1
299900,wallet,high_value,0,1,otp_timeout,3,0,1,0.37,0
1499900,card,churned,8,6,ambiguous_timeout,4,1,0,0.45,1
499900,netbanking,high_value,19,2,bank_server_timeout,10,3,0,0.41,0
49900,card,returning,8,6,ambiguous_timeout,3,4,0,0.8,0
199900,netbanking,churned,20,0,generic_decline,9,4,0,0.79,0
299900,wallet,high_value,12,5,ambiguous_timeout,4,5,0,0.6,0
149900,netbanking,high_value,19,4,ambiguous_timeout,10,4,0,0.95,0
299900,wallet,returning,23,6,insufficient_funds,8,1,1,0.65,0
199900,wallet,high_value,8,6,generic_decline,2,2,1,0.72,1
149900,upi,returning,23,2,bank_server_timeout,6,0,1,0.18,1
99900,netbanking,high_value,21,2,card_expired,9,2,0,0.72,0
299900,card,churned,14,0,generic_decline,8,2,1,0.0,0
499900,upi,churned,4,0,card_expired,3,1,1,0.34,0
499900,upi,returning,5,5,ambiguous_timeout,12,3,1,0.25,0
199900,card,churned,0,5,generic_decline,9,1,0,0.36,0
99900,wallet,new,4,0,ambiguous_timeout,0,2,0,0.47,0
99900,netbanking,returning,14,4,insufficient_funds,12,2,0,0.15,0
149900,card,high_value,21,6,generic_decline,8,1,0,0.08,0
999900,netbanking,returning,18,0,generic_decline,10,5,0,0.38,0
49900,card,high_value,2,6,otp_timeout,4,2,1,0.98,1
149900,card,high_value,6,5,card_expired,9,0,0,0.54,0
499900,upi,returning,18,3,insufficient_funds,8,0,1,0.36,0
499900,netbanking,returning,21,0,otp_timeout,2,2,1,0.97,1
199900,wallet,high_value,14,4,generic_decline,12,5,1,0.52,0
299900,wallet,high_value,3,4,bank_server_timeout,9,0,1,0.04,1
999900,netbanking,churned,0,3,bank_server_timeout,8,1,1,0.77,1
99900,upi,churned,12,6,generic_decline,11,0,1,0.02,0
999900,upi,returning,14,6,insufficient_funds,2,5,0,0.07,0
99900,netbanking,new,11,0,card_expired,5,0,1,0.62,0
999900,wallet,returning,11,0,bank_server_timeout,6,5,0,0.15,0
299900,card,returning,2,1,otp_timeout,5,5,0,0.64,0
299900,card,new,2,2,insufficient_funds,5,5,1,0.27,0
149900,wallet,high_value,15,0,otp_timeout,2,4,1,0.87,1
149900,netbanking,high_value,8,1,ambiguous_timeout,5,4,1,0.08,0
1499900,wallet,high_value,13,3,generic_decline,11,3,1,0.86,0
499900,netbanking,high_value,7,3,card_expired,1,2,1,0.77,0
149900,wallet,churned,22,3,insufficient_funds,9,5,0,0.98,0
999900,upi,churned,7,6,card_expired,1,3,1,0.82,0
199900,upi,churned,23,1,ambiguous_timeout,0,4,1,0.64,0
149900,upi,returning,5,3,generic_decline,0,1,1,0.78,0
299900,wallet,high_value,18,0,insufficient_funds,7,4,1,0.7,0
99900,netbanking,new,21,3,card_expired,1,5,0,0.79,0
299900,upi,high_value,1,6,ambiguous_timeout,12,5,1,0.09,0
99900,card,churned,3,3,otp_timeout,7,4,0,0.36,0
999900,upi,returning,4,2,ambiguous_timeout,9,0,1,0.13,0
149900,netbanking,new,2,2,card_expired,5,5,0,0.56,0
499900,card,new,10,4,generic_decline,7,1,0,0.34,0
99900,wallet,churned,3,3,insufficient_funds,6,4,0,0.84,0
999900,wallet,churned,23,0,otp_timeout,2,4,0,0.99,0
149900,card,new,18,5,generic_decline,5,0,0,0.78,1
299900,wallet,new,3,2,generic_decline,2,3,1,0.13,0
1499900,netbanking,churned,0,2,ambiguous_timeout,2,4,1,0.04,0
499900,netbanking,churned,16,5,card_expired,0,5,0,0.62,0
149900,wallet,churned,20,4,bank_server_timeout,6,3,1,0.91,1
1499900,wallet,high_value,13,2,bank_server_timeout,0,4,1,0.52,0
199900,netbanking,churned,1,0,card_expired,2,1,1,0.82,1
1499900,upi,new,23,5,ambiguous_timeout,3,5,1,0.69,0
149900,netbanking,returning,9,1,ambiguous_timeout,10,3,1,0.2,0
999900,wallet,churned,18,1,generic_decline,6,5,0,0.76,0
99900,netbanking,returning,3,0,otp_timeout,9,5,0,0.59,1
99900,wallet,high_value,15,5,otp_timeout,7,0,0,0.32,1
199900,wallet,new,15,4,insufficient_funds,12,0,1,0.92,0
199900,upi,new,11,4,ambiguous_timeout,2,0,1,0.8,1
299900,card,high_value,1,2,card_expired,1,5,1,0.01,0
999900,wallet,churned,14,2,otp_timeout,9,2,0,0.66,0
99900,wallet,churned,5,3,generic_decline,6,2,0,0.55,0
499900,wallet,churned,8,4,bank_server_timeout,4,3,0,0.47,0
49900,card,new,15,1,insufficient_funds,3,1,0,0.65,0
199900,netbanking,churned,17,5,ambiguous_timeout,8,1,1,0.84,0
999900,card,returning,16,2,card_expired,9,4,1,0.1,0
299900,netbanking,churned,19,1,otp_timeout,11,0,0,0.41,0
1499900,netbanking,new,14,6,bank_server_timeout,6,5,1,0.09,1
49900,upi,churned,18,0,card_expired,2,2,1,0.92,0
199900,upi,high_value,10,4,bank_server_timeout,8,2,0,0.68,0
999900,wallet,high_value,1,1,insufficient_funds,9,5,0,0.77,0
499900,netbanking,churned,0,1,otp_timeout,3,5,1,0.61,0
149900,card,new,10,1,generic_decline,1,1,0,0.42,0
499900,netbanking,churned,22,4,generic_decline,3,4,0,0.09,0
1499900,upi,new,3,3,ambiguous_timeout,10,1,0,0.59,0
99900,upi,returning,17,5,bank_server_timeout,8,3,1,0.41,1
199900,netbanking,new,9,1,generic_decline,3,3,0,0.93,0
149900,netbanking,returning,11,1,bank_server_timeout,7,3,1,0.52,1
149900,card,returning,1,2,generic_decline,1,1,1,0.4,0
299900,card,new,22,5,ambiguous_timeout,9,3,0,0.26,0
499900,card,high_value,20,3,insufficient_funds,6,4,0,0.97,0
149900,card,returning,15,1,insufficient_funds,0,1,0,0.31,0
199900,upi,returning,4,4,otp_timeout,5,2,0,0.26,1
99900,upi,returning,5,5,bank_server_timeout,4,2,0,0.74,0
49900,wallet,churned,18,6,ambiguous_timeout,10,5,0,0.91,0
299900,card,new,15,3,bank_server_timeout,4,1,1,0.51,0
299900,wallet,returning,15,2,insufficient_funds,5,2,0,0.1,1
999900,netbanking,high_value,17,2,ambiguous_timeout,11,2,0,0.95,0
499900,card,high_value,16,4,ambiguous_timeout,0,2,0,0.29,1
149900,upi,returning,15,5,otp_timeout,7,1,0,0.69,1
99900,upi,churned,16,5,insufficient_funds,3,0,0,0.36,0
299900,upi,new,0,6,otp_timeout,2,4,1,0.39,1
299900,wallet,churned,5,1,otp_timeout,7,5,1,0.51,0
1499900,card,new,22,1,otp_timeout,3,5,0,0.22,1
1499900,netbanking,churned,2,4,otp_timeout,12,1,1,0.64,0
99900,upi,new,4,3,otp_timeout,1,5,1,0.52,1
99900,card,returning,18,4,otp_timeout,9,1,0,0.49,0
49900,netbanking,new,14,1,bank_server_timeout,8,4,1,0.95,1
299900,upi,high_value,1,3,card_expired,10,5,0,0.2,0
999900,upi,new,0,6,card_expired,2,2,0,0.61,0
49900,netbanking,churned,22,1,bank_server_timeout,9,4,1,0.19,0
1499900,netbanking,high_value,19,3,generic_decline,3,4,0,0.27,0
149900,upi,churned,21,0,otp_timeout,2,1,1,0.51,1
49900,card,new,19,0,insufficient_funds,6,3,1,0.83,0
49900,card,returning,18,4,generic_decline,5,5,1,0.38,0
49900,upi,new,6,1,bank_server_timeout,3,1,1,0.81,1
199900,upi,churned,16,5,ambiguous_timeout,10,0,1,0.52,1
499900,wallet,new,1,2,card_expired,10,5,0,0.99,0
1499900,netbanking,new,2,0,generic_decline,12,2,0,0.09,0
299900,card,high_value,19,3,generic_decline,0,5,0,0.93,0
299900,wallet,high_value,1,0,otp_timeout,9,5,1,0.06,0
299900,card,returning,9,3,ambiguous_timeout,8,0,1,0.77,0
999900,upi,high_value,12,5,otp_timeout,9,5,1,0.38,1
499900,upi,returning,10,5,otp_timeout,7,2,0,0.07,1
199900,upi,returning,6,5,otp_timeout,3,4,0,0.95,0
299900,wallet,high_value,9,6,otp_timeout,4,4,1,0.26,1
1499900,upi,high_value,2,4,generic_decline,6,5,1,0.08,0
299900,card,returning,0,6,ambiguous_timeout,9,1,1,0.67,0
199900,netbanking,returning,10,6,insufficient_funds,10,4,1,0.23,0
149900,card,high_value,2,3,card_expired,10,2,0,0.87,0
199900,card,churned,22,0,card_expired,8,0,0,0.45,0
49900,upi,returning,1,4,generic_decline,11,3,0,0.9,0
149900,upi,high_value,3,1,otp_timeout,1,3,0,0.14,0
199900,upi,new,7,0,insufficient_funds,11,2,1,0.37,0
199900,wallet,returning,8,3,card_expired,1,3,1,0.66,0
99900,card,returning,4,5,generic_decline,12,3,1,0.62,1
499900,wallet,returning,18,2,bank_server_timeout,10,5,1,0.96,1
299900,wallet,high_value,23,6,generic_decline,1,3,1,0.13,0
299900,card,new,5,2,insufficient_funds,5,2,0,0.53,0
49900,card,high_value,0,3,generic_decline,12,3,1,0.96,1
99900,netbanking,high_value,15,0,bank_server_timeout,9,1,0,0.47,1
49900,upi,high_value,8,4,card_expired,10,1,1,0.59,0
499900,wallet,high_value,0,1,ambiguous_timeout,11,4,1,0.93,1
49900,wallet,returning,0,5,card_expired,8,3,1,0.91,0
1499900,upi,returning,7,6,otp_timeout,7,3,0,0.09,0
999900,wallet,new,4,3,insufficient_funds,10,4,1,0.44,0
49900,upi,returning,23,5,card_expired,5,2,1,0.81,0
99900,wallet,new,0,1,insufficient_funds,7,3,1,0.5,0
49900,wallet,returning,7,6,insufficient_funds,10,1,1,0.84,0
499900,card,high_value,20,4,ambiguous_timeout,3,3,0,0.71,1
299900,wallet,churned,2,6,insufficient_funds,12,1,1,0.21,0
49900,netbanking,new,21,3,ambiguous_timeout,6,4,1,0.31,0
199900,netbanking,new,6,2,card_expired,6,1,1,0.29,0
1499900,card,new,15,0,card_expired,10,0,1,0.13,1
49900,wallet,high_value,8,4,otp_timeout,5,1,0,0.18,1
299900,upi,high_value,7,6,generic_decline,1,1,1,0.42,1
49900,card,new,22,0,insufficient_funds,3,3,1,0.19,0
299900,card,returning,7,6,insufficient_funds,11,1,1,0.06,0
999900,netbanking,new,4,1,generic_decline,5,4,0,0.83,0
149900,netbanking,high_value,21,3,otp_timeout,4,4,1,0.11,1
149900,wallet,returning,3,0,generic_decline,7,5,0,0.08,0
99900,upi,returning,21,5,insufficient_funds,7,3,1,0.75,1
299900,netbanking,new,4,6,bank_server_timeout,11,4,0,0.71,1
199900,netbanking,churned,4,2,insufficient_funds,0,0,1,0.08,0
999900,wallet,returning,15,1,ambiguous_timeout,6,3,1,0.52,1
149900,wallet,high_value,4,3,insufficient_funds,8,1,1,0.4,0
199900,upi,churned,21,0,bank_server_timeout,6,2,0,0.52,0
499900,netbanking,returning,7,3,card_expired,5,5,0,0.69,0
499900,netbanking,churned,23,4,otp_timeout,0,2,0,0.61,0
999900,wallet,new,15,1,ambiguous_timeout,3,5,0,0.07,1
199900,netbanking,returning,20,2,generic_decline,10,2,1,0.56,0
99900,upi,high_value,19,1,bank_server_timeout,6,3,1,0.49,1
299900,card,high_value,20,3,generic_decline,2,4,1,0.42,0
199900,card,new,22,3,bank_server_timeout,1,1,0,0.16,1
1499900,wallet,new,2,5,generic_decline,6,3,0,0.19,0
49900,wallet,new,21,1,card_expired,9,5,0,0.94,0
299900,wallet,returning,3,4,insufficient_funds,8,5,0,0.5,0
49900,upi,returning,8,1,insufficient_funds,10,2,1,0.26,0
99900,wallet,churned,10,4,card_expired,2,0,1,0.82,1
1499900,card,new,5,4,generic_decline,11,1,1,0.81,0
199900,wallet,returning,13,6,bank_server_timeout,7,2,0,0.9,0
199900,card,high_value,16,6,insufficient_funds,2,1,0,0.15,0
149900,wallet,returning,17,4,generic_decline,5,5,0,0.89,1
999900,upi,high_value,18,0,insufficient_funds,1,1,0,0.96,0
1499900,netbanking,churned,8,4,otp_timeout,1,0,0,0.4,0
99900,wallet,churned,8,2,insufficient_funds,11,2,1,0.43,0
99900,upi,returning,14,6,ambiguous_timeout,1,2,1,0.75,0
149900,card,high_value,12,5,card_expired,6,0,1,0.01,0
999900,wallet,returning,1,1,generic_decline,12,2,0,0.98,0
149900,upi,returning,19,3,card_expired,1,3,1,0.3,1
299900,upi,churned,11,4,otp_timeout,9,1,0,0.33,0
299900,upi,high_value,20,4,insufficient_funds,5,3,0,0.91,1
499900,upi,new,17,1,generic_decline,11,4,0,0.37,0
49900,upi,returning,5,4,bank_server_timeout,3,4,0,0.88,0
199900,upi,high_value,9,6,generic_decline,8,0,0,0.9,0
49900,wallet,returning,21,5,insufficient_funds,6,4,1,0.37,0
999900,netbanking,returning,0,1,insufficient_funds,8,1,1,0.13,0
1499900,card,new,18,6,generic_decline,5,0,1,0.19,0
999900,card,returning,10,5,bank_server_timeout,1,3,1,0.48,1
499900,card,new,3,5,otp_timeout,2,2,0,0.51,0
99900,wallet,churned,1,0,insufficient_funds,1,4,1,0.78,1
1499900,netbanking,new,0,0,ambiguous_timeout,5,0,0,0.57,0
1499900,wallet,churned,15,6,ambiguous_timeout,6,2,1,0.21,0
99900,wallet,new,12,5,bank_server_timeout,5,4,0,0.3,0
199900,card,high_value,18,4,ambiguous_timeout,2,4,0,0.67,1
99900,upi,returning,19,4,generic_decline,5,1,0,0.95,1
99900,netbanking,returning,2,3,otp_timeout,8,2,1,0.05,0
299900,netbanking,new,3,0,ambiguous_timeout,2,3,1,0.48,0
1499900,upi,returning,17,5,otp_timeout,4,0,1,0.66,1
99900,netbanking,new,8,5,ambiguous_timeout,8,5,1,0.21,0
999900,netbanking,churned,7,1,bank_server_timeout,3,4,1,0.93,1
999900,wallet,churned,4,6,otp_timeout,5,4,0,0.39,0
299900,card,returning,13,0,card_expired,7,2,0,0.04,0
999900,wallet,churned,14,4,card_expired,0,4,1,0.91,0
999900,card,high_value,5,4,otp_timeout,4,5,1,0.41,1
49900,netbanking,high_value,22,2,bank_server_timeout,9,4,1,0.47,0
1499900,upi,high_value,10,0,bank_server_timeout,5,1,1,0.66,1
99900,netbanking,returning,9,3,otp_timeout,12,3,1,0.9,1
299900,card,churned,2,1,insufficient_funds,4,2,0,0.19,0
49900,card,new,19,3,bank_server_timeout,7,2,1,0.11,1
1499900,netbanking,new,20,0,otp_timeout,3,2,0,0.34,0
149900,card,churned,18,4,bank_server_timeout,2,0,1,0.19,1
49900,wallet,churned,13,2,insufficient_funds,1,1,0,0.93,1
299900,netbanking,high_value,23,3,otp_timeout,7,3,1,0.46,0
99900,upi,high_value,23,1,card_expired,10,3,1,0.39,0
999900,wallet,churned,19,3,generic_decline,7,0,1,0.19,0
999900,wallet,returning,4,4,insufficient_funds,2,4,1,0.55,0
499900,upi,high_value,6,2,insufficient_funds,10,5,0,0.67,0
49900,upi,new,12,1,bank_server_timeout,9,4,1,0.44,1
299900,upi,returning,20,4,insufficient_funds,4,5,0,0.7,0
299900,wallet,returning,21,4,card_expired,5,3,1,0.43,0
1499900,card,new,18,4,generic_decline,3,1,1,0.8,0
299900,upi,returning,12,6,ambiguous_timeout,3,1,0,0.34,1
1499900,netbanking,churned,17,0,otp_timeout,2,5,0,0.84,0
1499900,upi,returning,16,0,card_expired,9,4,0,0.91,0
149900,card,new,16,6,generic_decline,7,3,0,0.07,0
149900,wallet,high_value,23,5,generic_decline,10,1,0,0.91,1
99900,upi,high_value,8,3,generic_decline,10,4,1,0.35,1
99900,netbanking,churned,12,1,ambiguous_timeout,0,1,0,0.17,0
49900,wallet,high_value,23,5,generic_decline,5,4,0,0.03,0
999900,wallet,churned,6,5,otp_timeout,8,1,0,0.86,1
999900,upi,churned,16,4,otp_timeout,8,5,0,0.17,0
199900,card,returning,16,0,ambiguous_timeout,6,0,1,0.87,1
149900,netbanking,new,15,1,insufficient_funds,10,1,0,0.44,0
999900,card,churned,21,0,ambiguous_timeout,10,4,1,0.62,0
199900,netbanking,high_value,1,0,otp_timeout,9,2,1,0.12,0
1499900,upi,new,14,4,insufficient_funds,0,2,0,0.3,0
499900,upi,returning,13,6,card_expired,9,2,0,0.02,0
199900,netbanking,high_value,0,5,ambiguous_timeout,8,0,0,1.0,1
999900,wallet,high_value,2,3,bank_server_timeout,11,5,0,0.88,0
999900,upi,returning,14,0,insufficient_funds,11,1,0,0.48,0
499900,netbanking,returning,14,5,ambiguous_timeout,5,2,0,0.81,1
149900,wallet,high_value,15,2,generic_decline,1,5,1,0.98,0
49900,netbanking,high_value,4,1,otp_timeout,12,0,0,0.73,0
499900,card,high_value,4,1,bank_server_timeout,10,4,1,0.98,1
99900,upi,returning,5,5,card_expired,4,1,0,0.81,0
499900,wallet,churned,6,3,ambiguous_timeout,7,4,0,0.79,0
49900,netbanking,new,6,0,otp_timeout,8,2,0,0.64,0
199900,upi,returning,15,1,otp_timeout,6,4,1,0.06,0
199900,wallet,returning,0,2,insufficient_funds,12,2,0,0.14,0
99900,wallet,returning,5,3,bank_server_timeout,6,0,0,0.37,1
199900,netbanking,returning,3,1,otp_timeout,11,3,1,0.92,1
1499900,card,returning,2,0,otp_timeout,8,4,0,0.21,0
149900,card,new,0,5,otp_timeout,11,2,0,0.3,1
49900,card,returning,1,4,generic_decline,1,5,0,0.22,1
499900,upi,churned,16,5,bank_server_timeout,6,1,1,0.45,1
999900,upi,returning,2,3,card_expired,5,2,0,0.42,0
199900,wallet,returning,13,1,bank_server_timeout,4,0,0,0.03,0
999900,upi,new,10,2,card_expired,11,5,0,0.14,0
199900,wallet,churned,13,3,ambiguous_timeout,11,1,0,0.48,0
49900,upi,new,14,5,insufficient_funds,11,1,1,0.77,0
149900,netbanking,high_value,13,3,otp_timeout,6,2,1,0.09,0
149900,upi,new,12,0,card_expired,4,1,0,0.43,0
499900,netbanking,returning,20,0,card_expired,7,2,0,0.54,0
499900,netbanking,churned,0,1,otp_timeout,0,5,0,0.38,1
49900,card,returning,5,1,insufficient_funds,1,5,0,0.21,0
49900,card,high_value,22,2,bank_server_timeout,11,5,1,0.27,1
999900,card,high_value,8,6,bank_server_timeout,7,0,1,0.69,1
299900,netbanking,high_value,16,6,ambiguous_timeout,3,2,0,0.42,1
499900,netbanking,high_value,20,1,ambiguous_timeout,5,2,1,0.15,1
499900,netbanking,new,7,6,otp_timeout,0,0,1,0.32,0
199900,card,returning,6,6,generic_decline,0,1,0,0.46,1
99900,card,returning,12,5,otp_timeout,4,1,1,0.4,0
199900,upi,new,4,1,ambiguous_timeout,1,3,0,0.47,1
499900,card,churned,9,2,otp_timeout,0,5,0,0.6,0
499900,card,new,18,0,ambiguous_timeout,5,2,1,0.74,0
199900,netbanking,new,7,3,generic_decline,6,4,1,0.01,0
199900,upi,churned,1,6,bank_server_timeout,9,3,1,0.33,0
149900,card,returning,11,0,card_expired,7,3,1,0.44,0
149900,wallet,churned,23,3,otp_timeout,11,3,0,0.84,0
49900,upi,high_value,20,4,card_expired,11,2,0,0.13,0
49900,wallet,returning,8,1,generic_decline,4,1,0,0.59,0
199900,wallet,churned,10,1,otp_timeout,8,4,1,0.13,0
1499900,wallet,returning,8,6,card_expired,6,3,1,0.82,1
1499900,upi,high_value,2,5,bank_server_timeout,11,5,1,0.24,1
49900,card,new,22,6,card_expired,9,2,0,0.08,0
1499900,upi,high_value,10,2,card_expired,7,3,1,0.93,0
99900,upi,churned,21,0,otp_timeout,3,3,1,0.33,0
299900,wallet,high_value,11,3,generic_decline,8,1,0,0.44,1
199900,wallet,churned,9,5,otp_timeout,0,3,0,0.06,0
199900,netbanking,high_value,13,4,card_expired,0,5,0,0.1,0
499900,netbanking,new,22,5,ambiguous_timeout,3,5,1,0.61,1
199900,card,high_value,22,4,card_expired,11,1,1,0.92,0
299900,netbanking,new,8,1,otp_timeout,0,5,0,0.02,1
99900,wallet,new,22,1,bank_server_timeout,6,3,0,0.74,1
299900,wallet,churned,8,2,otp_timeout,8,3,1,0.1,0
149900,card,returning,9,5,card_expired,1,3,1,0.4,0
99900,netbanking,returning,3,5,ambiguous_timeout,0,1,0,0.87,0
149900,card,churned,4,5,bank_server_timeout,10,5,1,0.95,1
99900,netbanking,high_value,13,2,insufficient_funds,9,2,1,0.99,0
49900,netbanking,returning,1,0,card_expired,11,1,1,0.83,0
149900,wallet,churned,23,0,generic_decline,10,3,1,0.26,0
299900,upi,high_value,15,2,insufficient_funds,12,3,0,0.94,0
999900,netbanking,new,20,2,otp_timeout,2,0,1,0.86,0
199900,card,returning,17,1,insufficient_funds,3,3,1,0.75,0
1499900,card,high_value,20,6,insufficient_funds,10,0,0,0.03,0
49900,netbanking,high_value,0,6,bank_server_timeout,8,0,0,0.47,1
149900,netbanking,high_value,16,0,generic_decline,8,2,1,0.73,0
149900,upi,returning,16,5,generic_decline,8,4,0,0.92,0
49900,upi,churned,16,5,bank_server_timeout,3,1,0,0.47,1
199900,card,new,13,5,bank_server_timeout,12,4,1,0.06,0
149900,upi,returning,7,0,bank_server_timeout,7,1,1,0.89,1
149900,netbanking,churned,9,1,card_expired,1,5,0,0.5,0
199900,card,churned,21,3,otp_timeout,9,2,1,0.25,0
299900,wallet,high_value,21,2,ambiguous_timeout,0,2,0,0.32,1
49900,wallet,churned,11,3,card_expired,11,4,0,0.12,0
149900,card,churned,1,2,card_expired,8,2,0,0.83,0
999900,card,high_value,13,2,bank_server_timeout,2,0,1,0.65,1
49900,upi,high_value,20,1,otp_timeout,12,5,1,0.95,1
499900,netbanking,new,15,1,card_expired,1,5,0,0.14,1
99900,netbanking,high_value,8,5,bank_server_timeout,3,0,1,0.74,1
299900,upi,returning,14,0,card_expired,10,3,0,0.62,0
199900,card,churned,18,1,card_expired,6,3,0,0.47,0
149900,card,high_value,23,3,insufficient_funds,2,4,0,0.24,0
199900,wallet,returning,13,4,bank_server_timeout,12,5,0,0.93,0
99900,card,returning,11,4,card_expired,12,0,1,0.72,0
1499900,netbanking,churned,20,4,generic_decline,0,4,1,0.8,0
99900,wallet,returning,20,0,ambiguous_timeout,11,1,0,0.7,1
1499900,netbanking,returning,23,5,insufficient_funds,2,1,0,0.87,1
49900,card,returning,2,5,bank_server_timeout,2,1,1,0.9,1
999900,wallet,high_value,7,2,ambiguous_timeout,2,0,1,0.15,1
149900,netbanking,new,8,1,bank_server_timeout,7,4,0,0.27,0
49900,netbanking,high_value,15,0,bank_server_timeout,4,4,1,0.77,1
299900,card,returning,8,5,card_expired,6,1,1,0.38,0
999900,wallet,high_value,14,3,bank_server_timeout,12,5,1,0.41,1
499900,upi,churned,19,3,generic_decline,2,3,0,0.17,0
49900,card,churned,17,6,otp_timeout,7,2,1,0.04,0
499900,upi,returning,22,3,ambiguous_timeout,11,3,0,0.4,1
149900,netbanking,new,0,3,otp_timeout,9,3,1,0.38,0
1499900,netbanking,new,12,2,generic_decline,12,4,1,0.35,0
149900,netbanking,churned,18,3,bank_server_timeout,10,2,0,0.68,1
99900,card,churned,3,3,insufficient_funds,0,2,0,0.77,0
299900,upi,new,22,3,generic_decline,1,4,0,0.69,0
299900,wallet,high_value,12,1,generic_decline,0,0,0,0.92,0
199900,card,churned,9,5,otp_timeout,2,1,0,0.13,0
999900,card,new,6,3,card_expired,7,4,0,0.51,0
199900,card,new,5,2,card_expired,6,4,1,0.27,0
149900,wallet,high_value,11,0,ambiguous_timeout,4,0,0,0.33,0
999900,wallet,high_value,14,3,bank_server_timeout,6,0,1,0.13,1
999900,netbanking,high_value,13,4,insufficient_funds,5,2,0,0.24,0
499900,wallet,high_value,19,2,generic_decline,8,0,0,0.46,1
149900,wallet,churned,23,5,insufficient_funds,8,1,0,0.85,0
99900,wallet,new,6,4,otp_timeout,0,5,1,0.6,0
499900,wallet,new,22,3,insufficient_funds,12,2,1,0.5,0
49900,upi,returning,23,1,card_expired,12,1,1,0.98,0
49900,wallet,new,10,6,ambiguous_timeout,3,0,0,0.1,0
49900,wallet,high_value,9,4,bank_server_timeout,12,0,0,0.48,1
199900,upi,returning,2,6,insufficient_funds,5,4,1,0.95,0
99900,wallet,returning,15,6,generic_decline,10,4,0,0.17,0
149900,upi,returning,6,6,ambiguous_timeout,8,5,1,0.14,0
499900,wallet,high_value,15,1,bank_server_timeout,2,5,1,0.08,0
99900,wallet,high_value,3,4,bank_server_timeout,8,0,1,0.07,1
1499900,card,returning,11,6,insufficient_funds,7,3,0,0.98,0
1499900,wallet,churned,2,0,ambiguous_timeout,6,4,0,0.87,0
299900,netbanking,new,21,6,otp_timeout,10,5,1,0.64,0
99900,upi,high_value,3,1,otp_timeout,8,5,1,0.59,1
499900,wallet,returning,11,2,generic_decline,10,5,0,0.07,0
1499900,netbanking,new,21,3,otp_timeout,0,0,1,0.01,0
149900,wallet,high_value,8,0,generic_decline,10,4,0,0.66,0
149900,netbanking,high_value,10,5,bank_server_timeout,7,1,1,0.05,1
49900,wallet,new,15,3,bank_server_timeout,9,5,1,0.62,0
1499900,card,high_value,19,5,otp_timeout,10,5,0,0.84,1
999900,wallet,returning,14,5,card_expired,12,3,1,0.64,0
499900,upi,new,22,5,generic_decline,12,0,1,0.88,1
199900,netbanking,new,19,6,ambiguous_timeout,7,1,1,0.48,1
499900,card,returning,22,1,card_expired,0,1,0,0.42,0
499900,wallet,high_value,19,0,insufficient_funds,10,4,1,0.7,0
499900,card,new,14,1,generic_decline,10,4,0,0.96,0
299900,upi,returning,4,6,ambiguous_timeout,11,0,1,0.54,0
499900,netbanking,high_value,16,4,otp_timeout,9,4,1,0.18,1
199900,wallet,high_value,2,4,generic_decline,11,5,0,0.1,0
999900,card,new,21,4,card_expired,9,1,0,0.65,0
1499900,card,churned,17,2,card_expired,0,3,1,0.02,0
99900,wallet,new,17,3,ambiguous_timeout,8,0,0,0.03,0
149900,wallet,churned,17,0,otp_timeout,2,0,0,0.02,0
299900,card,churned,19,5,insufficient_funds,1,4,0,0.73,0
499900,wallet,churned,17,6,ambiguous_timeout,6,5,0,0.64,0
99900,card,churned,0,6,ambiguous_timeout,2,0,0,0.07,0
1499900,wallet,churned,3,0,generic_decline,9,1,0,0.54,0
499900,upi,high_value,5,2,bank_server_timeout,7,5,1,0.97,0
999900,netbanking,high_value,22,4,otp_timeout,5,0,0,0.26,0
499900,wallet,high_value,14,2,bank_server_timeout,10,5,1,0.43,1
199900,netbanking,high_value,0,5,ambiguous_timeout,6,2,0,0.25,0
199900,netbanking,churned,10,6,bank_server_timeout,9,3,0,0.64,0
499900,upi,high_value,5,3,ambiguous_timeout,10,0,0,0.87,1
299900,wallet,new,6,5,generic_decline,7,3,1,0.32,0
49900,upi,returning,13,1,generic_decline,12,0,1,0.82,0
99900,upi,high_value,17,3,ambiguous_timeout,10,5,0,0.28,0
99900,wallet,new,16,1,card_expired,11,0,0,0.22,0
499900,card,churned,16,2,otp_timeout,9,1,0,0.86,1
1499900,wallet,churned,13,6,generic_decline,7,3,1,0.69,0
49900,card,new,1,6,ambiguous_timeout,10,4,1,0.15,1
999900,netbanking,new,21,5,generic_decline,5,4,0,0.75,0
99900,upi,high_value,7,0,ambiguous_timeout,7,4,1,0.27,1
149900,netbanking,high_value,7,1,card_expired,11,5,1,0.84,0
49900,upi,new,15,0,card_expired,8,3,0,0.56,0
499900,wallet,churned,0,5,bank_server_timeout,10,2,0,0.65,1
299900,wallet,new,4,2,generic_decline,4,2,0,0.18,0
999900,netbanking,returning,9,4,card_expired,5,0,1,0.53,0
99900,netbanking,high_value,1,0,insufficient_funds,7,4,0,0.22,0
199900,wallet,high_value,9,1,ambiguous_timeout,6,1,1,0.53,0
99900,card,churned,16,5,insufficient_funds,9,0,0,0.28,0
149900,netbanking,new,16,5,otp_timeout,3,0,0,0.06,1
1499900,wallet,returning,13,5,generic_decline,2,1,0,0.41,0
199900,wallet,returning,9,6,card_expired,11,1,1,0.91,0
99900,netbanking,new,5,6,ambiguous_timeout,6,4,0,0.46,0
149900,upi,churned,15,5,ambiguous_timeout,6,0,1,0.28,1
1499900,upi,new,8,5,otp_timeout,11,0,0,0.38,1
499900,upi,new,19,6,bank_server_timeout,5,2,1,0.9,1
99900,wallet,returning,6,1,bank_server_timeout,4,2,1,0.56,0
49900,card,returning,9,2,insufficient_funds,12,5,1,0.43,0
99900,upi,returning,8,1,card_expired,2,2,0,0.63,0
299900,wallet,returning,9,5,insufficient_funds,11,4,1,0.41,0
999900,wallet,new,9,6,insufficient_funds,0,3,1,0.99,0
99900,card,returning,23,6,insufficient_funds,1,0,1,0.35,0
499900,netbanking,new,20,2,insufficient_funds,6,5,0,0.97,0
999900,wallet,new,5,2,otp_timeout,2,4,0,0.21,1
999900,wallet,churned,4,3,insufficient_funds,6,3,1,0.29,0
1499900,upi,high_value,15,3,card_expired,11,0,0,0.88,0
499900,card,churned,20,1,bank_server_timeout,11,5,1,0.13,0
199900,netbanking,new,7,3,insufficient_funds,11,1,1,0.15,0
499900,netbanking,new,11,4,generic_decline,11,0,0,0.32,0
1499900,card,churned,2,5,generic_decline,4,1,0,0.73,0
149900,card,high_value,21,1,otp_timeout,10,5,1,0.99,1
999900,card,new,13,3,card_expired,12,5,0,0.42,0
99900,card,new,18,4,bank_server_timeout,0,0,0,0.0,1
99900,netbanking,churned,8,1,card_expired,10,4,1,0.13,0
149900,upi,high_value,6,1,otp_timeout,5,3,0,0.28,1
49900,upi,high_value,23,5,card_expired,1,0,0,0.79,1
149900,card,new,20,4,card_expired,5,1,0,0.56,1
1499900,upi,high_value,21,0,insufficient_funds,8,5,1,0.69,0
1499900,wallet,new,23,4,ambiguous_timeout,9,5,1,0.65,1
99900,card,new,14,0,generic_decline,11,2,1,0.27,0
1499900,wallet,returning,4,5,generic_decline,5,4,0,0.75,0
499900,netbanking,high_value,0,3,insufficient_funds,3,1,0,0.73,0
149900,card,churned,12,5,insufficient_funds,6,2,0,0.72,0
49900,card,new,2,3,ambiguous_timeout,9,3,1,0.4,0
999900,wallet,returning,13,6,otp_timeout,3,2,0,0.61,1
199900,upi,churned,0,0,card_expired,0,3,0,0.74,0
199900,card,new,0,6,insufficient_funds,11,3,0,0.1,0
149900,card,returning,20,5,generic_decline,9,1,0,0.6,0
299900,wallet,new,23,0,ambiguous_timeout,4,3,1,0.08,0
199900,netbanking,new,6,5,bank_server_timeout,0,5,1,0.61,1
1499900,upi,high_value,6,1,ambiguous_timeout,6,0,1,0.18,1
49900,upi,high_value,17,5,generic_decline,11,3,1,0.31,1
199900,card,high_value,13,3,generic_decline,11,5,1,0.57,0
149900,netbanking,new,22,5,bank_server_timeout,4,1,1,0.07,1
99900,wallet,high_value,6,2,ambiguous_timeout,1,2,1,0.15,0
149900,upi,returning,13,5,card_expired,11,1,0,0.49,0
149900,netbanking,churned,6,4,bank_server_timeout,8,3,0,0.05,1
1499900,netbanking,returning,9,1,ambiguous_timeout,8,5,0,0.78,1
99900,netbanking,churned,22,5,generic_decline,2,4,0,0.98,0
99900,card,returning,11,6,bank_server_timeout,7,1,0,0.09,1
999900,upi,returning,22,1,insufficient_funds,7,3,1,0.09,0
199900,card,new,23,5,bank_server_timeout,5,1,1,0.75,0
299900,card,new,6,4,generic_decline,12,3,0,0.91,0
49900,upi,churned,23,0,generic_decline,2,2,0,0.06,0
999900,upi,new,18,5,generic_decline,8,0,1,0.17,0
99900,wallet,high_value,2,1,insufficient_funds,3,4,1,0.19,1
99900,card,churned,12,3,generic_decline,6,0,1,0.71,0
499900,upi,new,18,1,otp_timeout,11,1,0,0.66,1
299900,netbanking,new,22,4,otp_timeout,4,3,0,0.79,0
999900,wallet,new,20,3,generic_decline,3,2,1,0.42,1
149900,upi,new,11,0,otp_timeout,9,1,0,0.12,0
99900,netbanking,new,11,1,otp_timeout,6,5,1,0.25,0
999900,wallet,high_value,5,3,insufficient_funds,7,3,1,0.55,0
499900,upi,new,16,0,otp_timeout,7,2,1,0.9,0
499900,wallet,churned,3,4,insufficient_funds,8,3,0,1.0,0
149900,upi,high_value,8,6,bank_server_timeout,10,2,0,0.72,1
199900,wallet,returning,13,6,otp_timeout,6,3,0,0.57,0
49900,card,high_value,21,4,card_expired,12,4,1,0.07,0
1499900,wallet,high_value,1,0,bank_server_timeout,10,2,0,0.7,0
149900,card,churned,21,3,generic_decline,9,1,1,1.0,0
299900,wallet,returning,23,0,card_expired,9,0,0,0.16,0
99900,upi,returning,23,2,generic_decline,12,1,1,0.86,0
49900,upi,new,1,4,insufficient_funds,4,1,0,0.53,0
499900,upi,high_value,4,1,card_expired,4,5,1,0.37,0
199900,upi,new,16,3,ambiguous_timeout,12,2,0,0.16,1
49900,wallet,churned,18,1,otp_timeout,6,5,0,0.39,0
1499900,wallet,high_value,2,0,bank_server_timeout,8,5,0,0.71,1
1499900,netbanking,returning,0,3,otp_timeout,1,1,1,0.58,0
299900,netbanking,new,5,4,bank_server_timeout,11,0,1,0.6,1
149900,upi,new,23,0,ambiguous_timeout,2,2,0,0.88,1
299900,card,churned,20,2,generic_decline,4,4,1,0.17,0
499900,upi,new,1,3,bank_server_timeout,10,3,1,0.27,0
1499900,upi,new,16,3,card_expired,12,1,1,0.86,0
99900,wallet,returning,7,0,generic_decline,3,1,1,0.13,1
149900,card,returning,13,5,generic_decline,10,2,1,0.09,0
1499900,card,churned,7,4,generic_decline,10,0,1,0.45,0
999900,card,new,10,3,otp_timeout,10,5,0,0.09,0
149900,upi,high_value,7,6,bank_server_timeout,2,0,1,0.17,1
149900,upi,new,2,0,insufficient_funds,0,0,1,0.97,1
499900,wallet,churned,5,4,card_expired,9,5,0,0.78,0
499900,card,churned,22,5,card_expired,3,0,1,0.61,0
149900,wallet,returning,18,6,otp_timeout,8,3,1,0.81,1
149900,netbanking,new,23,5,card_expired,11,0,1,0.31,0
99900,card,churned,16,0,insufficient_funds,1,4,1,0.18,0
499900,upi,new,12,4,ambiguous_timeout,7,4,0,0.46,1
149900,wallet,returning,18,5,bank_server_timeout,7,3,1,0.08,0
999900,upi,new,5,3,card_expired,9,5,1,0.5,0
149900,wallet,returning,8,6,bank_server_timeout,12,4,1,0.71,1
299900,card,churned,21,0,card_expired,0,4,0,0.78,0
1499900,wallet,churned,17,3,generic_decline,12,4,1,0.13,0
149900,wallet,returning,7,5,card_expired,5,5,0,0.55,0
1499900,netbanking,churned,4,0,insufficient_funds,12,4,0,0.43,0
149900,netbanking,returning,0,3,otp_timeout,12,4,0,0.34,1
299900,upi,churned,1,6,card_expired,10,1,1,0.64,0
1499900,netbanking,churned,2,6,generic_decline,12,3,1,0.6,0
299900,upi,returning,15,3,ambiguous_timeout,10,4,1,0.44,1
299900,card,churned,7,6,bank_server_timeout,2,3,0,0.83,0
1499900,upi,new,12,0,card_expired,9,5,1,0.56,0
999900,card,returning,3,3,card_expired,0,1,1,0.23,0
299900,upi,new,1,0,ambiguous_timeout,1,4,1,0.36,0
299900,netbanking,churned,9,3,bank_server_timeout,2,3,1,0.71,0
999900,wallet,high_value,11,3,insufficient_funds,8,3,1,0.08,1
1499900,netbanking,new,6,6,generic_decline,4,1,0,0.23,0
199900,wallet,high_value,16,1,otp_timeout,3,0,1,0.09,1
149900,upi,returning,6,2,insufficient_funds,8,2,0,0.83,0
499900,upi,returning,17,1,generic_decline,12,4,1,0.19,0
499900,card,churned,10,5,card_expired,0,5,1,0.44,0
999900,netbanking,churned,9,6,card_expired,11,1,0,0.85,0
299900,upi,churned,22,5,insufficient_funds,10,2,1,0.9,0
99900,upi,high_value,11,1,insufficient_funds,11,2,0,0.79,1
49900,wallet,new,0,0,generic_decline,10,0,0,0.71,0
99900,netbanking,high_value,9,0,generic_decline,5,5,0,0.77,0
49900,card,high_value,1,6,ambiguous_timeout,1,2,1,0.87,0
499900,wallet,churned,19,5,generic_decline,8,3,1,0.56,0
149900,upi,high_value,9,4,generic_decline,7,2,1,0.4,1
99900,upi,churned,15,5,ambiguous_timeout,7,5,0,0.2,0
999900,card,new,1,5,ambiguous_timeout,8,2,1,0.54,1
299900,netbanking,high_value,0,4,generic_decline,3,0,0,0.95,1
999900,wallet,high_value,5,5,generic_decline,1,4,0,0.18,0
49900,wallet,high_value,19,0,generic_decline,9,5,0,0.58,1
299900,upi,churned,2,6,bank_server_timeout,4,4,0,0.4,0
149900,upi,high_value,12,0,bank_server_timeout,8,4,0,0.01,1
199900,upi,churned,2,0,card_expired,9,5,1,0.08,0
299900,upi,high_value,5,1,bank_server_timeout,5,3,0,0.01,0
199900,netbanking,returning,11,0,ambiguous_timeout,10,4,0,0.71,1
49900,upi,new,3,6,generic_decline,8,0,1,0.61,1
99900,netbanking,high_value,17,0,bank_server_timeout,5,4,0,0.38,0
149900,netbanking,new,12,2,card_expired,8,0,0,0.43,0
999900,upi,high_value,6,5,otp_timeout,3,0,1,0.95,1
499900,wallet,churned,10,6,ambiguous_timeout,5,1,1,0.11,0
299900,upi,new,9,5,bank_server_timeout,8,1,1,0.29,0
99900,wallet,new,1,2,card_expired,10,0,1,0.67,0
299900,netbanking,churned,20,5,bank_server_timeout,10,2,0,0.15,0
1499900,upi,high_value,2,2,generic_decline,6,3,1,0.56,0
49900,upi,churned,17,5,bank_server_timeout,12,4,0,0.72,0
1499900,netbanking,churned,21,0,insufficient_funds,11,5,0,0.42,0
499900,upi,high_value,20,6,card_expired,10,2,0,0.34,0
199900,card,high_value,7,3,generic_decline,0,1,1,0.95,1
299900,card,returning,4,0,bank_server_timeout,4,5,1,0.84,0
99900,wallet,high_value,11,1,card_expired,3,5,1,0.33,0
299900,netbanking,churned,13,2,otp_timeout,2,0,1,0.88,0
1499900,upi,high_value,19,3,insufficient_funds,3,1,1,0.76,0
1499900,upi,churned,3,2,card_expired,11,2,1,0.52,0
499900,upi,new,20,2,card_expired,5,1,0,0.95,1
499900,netbanking,high_value,22,0,ambiguous_timeout,10,3,1,0.74,0
99900,wallet,new,5,3,insufficient_funds,7,0,1,0.2,0
499900,card,churned,3,1,otp_timeout,7,2,0,0.78,0
149900,netbanking,new,12,3,card_expired,11,2,0,0.16,0
199900,upi,high_value,2,2,generic_decline,6,1,1,0.95,0
149900,wallet,high_value,20,2,generic_decline,6,0,0,0.33,0
49900,wallet,returning,12,2,otp_timeout,7,4,1,0.62,1
499900,netbanking,churned,12,1,insufficient_funds,5,3,1,0.01,0
499900,upi,churned,22,0,bank_server_timeout,6,5,0,0.81,0
49900,card,returning,7,1,card_expired,4,3,1,0.44,0
149900,upi,churned,2,3,otp_timeout,5,5,0,0.31,1
999900,card,returning,3,0,otp_timeout,2,4,1,0.63,0
299900,netbanking,churned,21,5,generic_decline,9,2,1,0.14,0
999900,upi,churned,7,6,bank_server_timeout,3,2,0,0.18,1
299900,upi,high_value,22,5,insufficient_funds,2,5,0,0.66,0
499900,upi,high_value,14,0,bank_server_timeout,8,1,0,0.81,1
99900,netbanking,returning,10,2,card_expired,12,3,1,0.31,1
1499900,netbanking,new,13,6,ambiguous_timeout,0,4,0,0.6,0
499900,wallet,new,19,1,insufficient_funds,12,1,1,0.72,1
499900,card,returning,22,5,card_expired,4,0,1,0.18,0
999900,card,new,18,3,generic_decline,8,0,0,0.55,0
99900,wallet,returning,11,6,ambiguous_timeout,8,2,0,0.76,0
199900,card,churned,15,2,ambiguous_timeout,1,5,0,0.44,1
999900,wallet,churned,15,3,bank_server_timeout,10,3,0,0.61,0
299900,upi,high_value,21,0,generic_decline,4,0,0,0.63,1
199900,card,returning,12,5,generic_decline,3,5,0,0.78,0
1499900,wallet,churned,17,0,bank_server_timeout,9,0,0,0.63,1
299900,netbanking,churned,10,4,otp_timeout,4,0,0,0.13,1
99900,wallet,new,1,4,generic_decline,3,5,0,0.12,1
49900,upi,new,2,1,bank_server_timeout,4,5,0,0.3,1
299900,upi,churned,17,2,insufficient_funds,3,5,1,0.81,1
999900,wallet,high_value,14,3,card_expired,5,3,1,0.4,0
149900,netbanking,high_value,7,4,card_expired,12,2,1,0.63,0
999900,wallet,high_value,0,2,bank_server_timeout,12,1,1,0.27,0
49900,wallet,returning,14,3,insufficient_funds,7,3,0,0.34,0
299900,upi,returning,22,1,generic_decline,0,1,1,0.56,0
199900,upi,new,2,1,insufficient_funds,7,4,0,0.73,0
149900,upi,churned,5,6,generic_decline,11,5,0,0.16,0
299900,netbanking,high_value,22,4,generic_decline,10,1,0,0.93,0
99900,wallet,churned,4,6,insufficient_funds,9,1,0,0.65,0
49900,wallet,high_value,22,1,card_expired,8,1,1,1.0,0
49900,card,churned,6,0,card_expired,7,4,0,0.8,0
999900,wallet,new,14,1,ambiguous_timeout,1,0,1,0.02,0
49900,netbanking,high_value,8,1,ambiguous_timeout,3,5,0,0.35,0
99900,upi,high_value,12,5,ambiguous_timeout,11,0,1,0.81,0
299900,upi,churned,13,5,generic_decline,4,0,0,0.92,1
199900,wallet,new,2,5,otp_timeout,10,3,1,0.31,0
149900,netbanking,churned,15,3,generic_decline,3,3,1,0.37,0
499900,card,returning,11,5,generic_decline,9,4,1,0.47,0
49900,netbanking,new,3,3,insufficient_funds,6,2,0,0.16,0
199900,wallet,returning,15,2,ambiguous_timeout,9,4,1,0.59,1
299900,wallet,high_value,15,5,otp_timeout,2,5,0,0.72,1
99900,card,churned,7,1,insufficient_funds,4,3,0,0.1,0
149900,card,churned,22,0,generic_decline,7,1,1,0.07,0
49900,wallet,high_value,11,5,card_expired,10,3,1,0.7,0
149900,upi,high_value,21,0,bank_server_timeout,1,4,1,0.1,1
299900,netbanking,churned,15,4,card_expired,3,3,1,0.41,0
1499900,netbanking,high_value,19,6,ambiguous_timeout,3,5,0,0.48,1
99900,card,returning,1,5,generic_decline,7,2,0,0.66,0
149900,netbanking,new,20,3,insufficient_funds,0,3,1,0.11,0
999900,netbanking,new,6,4,generic_decline,2,4,1,0.64,0
299900,wallet,new,7,4,ambiguous_timeout,7,3,0,0.05,0
149900,card,high_value,22,3,otp_timeout,11,0,1,0.09,0
199900,card,new,16,2,ambiguous_timeout,5,3,1,0.74,1
299900,netbanking,churned,2,0,bank_server_timeout,8,0,1,0.09,1
149900,netbanking,churned,14,6,card_expired,8,5,1,0.61,0
499900,netbanking,high_value,20,5,card_expired,12,2,1,0.59,0
299900,netbanking,churned,7,5,ambiguous_timeout,11,1,1,0.9,1
299900,netbanking,churned,20,4,insufficient_funds,4,0,1,0.66,0
99900,card,new,5,5,otp_timeout,1,1,1,0.59,0
149900,wallet,high_value,20,3,ambiguous_timeout,0,1,0,0.33,1
49900,upi,new,11,1,otp_timeout,10,1,1,0.74,0
199900,upi,high_value,0,0,insufficient_funds,4,4,0,0.49,0
149900,upi,high_value,7,3,ambiguous_timeout,6,3,0,0.27,1
199900,upi,new,9,4,bank_server_timeout,11,0,0,0.29,1
149900,card,churned,11,4,ambiguous_timeout,12,3,0,0.44,0
1499900,card,high_value,8,3,card_expired,11,0,1,0.14,0
1499900,card,high_value,3,5,insufficient_funds,8,1,0,0.68,0
199900,netbanking,churned,17,1,otp_timeout,3,3,1,0.16,1
1499900,card,new,1,3,generic_decline,12,2,1,0.54,0
1499900,upi,high_value,12,4,insufficient_funds,1,5,0,0.54,0
149900,netbanking,churned,4,3,ambiguous_timeout,4,4,1,0.29,0
49900,wallet,churned,20,1,generic_decline,4,2,0,0.87,0
149900,netbanking,high_value,14,4,insufficient_funds,5,3,1,0.16,0
499900,netbanking,churned,22,1,otp_timeout,2,2,0,0.71,0
1499900,card,new,9,3,bank_server_timeout,11,1,1,0.44,1
499900,netbanking,high_value,7,2,card_expired,2,1,0,0.94,0
999900,card,churned,6,4,card_expired,12,2,1,0.4,0
499900,wallet,churned,10,4,ambiguous_timeout,4,1,0,0.57,0
499900,wallet,high_value,17,6,otp_timeout,11,2,0,0.07,1
149900,upi,new,5,5,card_expired,11,3,0,0.48,0
1499900,wallet,returning,11,5,card_expired,7,1,0,0.97,0
99900,netbanking,high_value,14,5,bank_server_timeout,4,5,1,0.94,1
99900,wallet,churned,20,3,ambiguous_timeout,10,4,0,0.6,0
299900,wallet,new,14,3,ambiguous_timeout,9,2,1,0.07,0
1499900,netbanking,new,13,2,insufficient_funds,2,4,1,0.83,1
299900,card,new,8,3,otp_timeout,5,2,1,0.01,1
299900,netbanking,new,7,0,insufficient_funds,1,0,1,0.04,0
299900,netbanking,high_value,15,0,bank_server_timeout,11,0,0,0.14,0
199900,card,new,15,4,card_expired,12,0,1,0.41,0
49900,upi,new,14,2,otp_timeout,0,5,1,0.52,0
299900,wallet,churned,0,4,insufficient_funds,12,2,1,0.49,0
1499900,upi,high_value,20,3,ambiguous_timeout,4,5,1,0.94,0
99900,upi,returning,5,5,bank_server_timeout,2,5,0,0.98,0
299900,wallet,returning,10,0,otp_timeout,10,2,0,0.16,0
999900,card,new,16,6,generic_decline,1,1,0,0.5,0
49900,wallet,new,20,4,otp_timeout,12,1,0,0.31,1
499900,card,churned,1,5,bank_server_timeout,10,0,1,0.25,1
299900,netbanking,churned,10,3,card_expired,10,3,0,0.16,0
499900,card,new,17,3,generic_decline,10,2,0,0.51,0
49900,card,new,16,0,insufficient_funds,2,5,0,0.87,0
299900,upi,new,19,6,card_expired,0,3,1,0.95,0
499900,netbanking,new,17,3,card_expired,9,4,1,0.67,0
1499900,wallet,new,2,3,card_expired,3,0,0,0.6,1
49900,card,high_value,20,4,insufficient_funds,10,5,1,0.75,0
49900,netbanking,churned,2,2,insufficient_funds,11,1,0,0.71,0
1499900,upi,churned,18,2,generic_decline,12,2,0,0.56,0
299900,card,new,20,5,otp_timeout,9,1,1,0.05,0
199900,upi,returning,4,1,bank_server_timeout,4,2,0,0.22,1
99900,netbanking,high_value,2,3,insufficient_funds,7,0,0,0.15,0
999900,netbanking,returning,8,6,generic_decline,8,1,0,0.99,0
149900,wallet,high_value,10,6,ambiguous_timeout,3,5,1,0.45,0
299900,wallet,churned,13,5,bank_server_timeout,6,1,1,0.97,0
999900,card,returning,21,3,generic_decline,10,4,0,0.92,0
499900,card,churned,22,2,ambiguous_timeout,3,5,0,0.8,0
149900,wallet,new,4,6,bank_server_timeout,9,3,0,0.94,1
299900,netbanking,churned,3,4,insufficient_funds,4,0,0,0.6,0
49900,upi,new,23,2,insufficient_funds,0,5,0,0.21,0
199900,upi,returning,1,5,ambiguous_timeout,4,3,1,0.15,0
999900,card,churned,13,5,ambiguous_timeout,6,5,1,0.15,0
1499900,netbanking,new,16,6,card_expired,12,4,0,0.42,0
1499900,netbanking,high_value,17,5,insufficient_funds,0,4,0,0.39,0
999900,netbanking,high_value,21,5,card_expired,1,1,0,0.01,0
1499900,netbanking,new,10,2,insufficient_funds,5,0,0,0.35,1
149900,netbanking,churned,4,3,insufficient_funds,2,1,0,0.01,0
299900,card,returning,3,1,bank_server_timeout,0,0,1,0.51,0
999900,upi,churned,11,6,bank_server_timeout,5,0,1,0.78,0
499900,wallet,high_value,5,3,ambiguous_timeout,11,3,1,0.92,0
299900,netbanking,new,23,3,insufficient_funds,5,3,0,0.97,0
149900,card,high_value,8,5,generic_decline,0,0,0,0.5,0
1499900,upi,high_value,8,3,ambiguous_timeout,0,2,0,0.43,0
299900,netbanking,high_value,15,3,insufficient_funds,4,4,1,0.68,0
1499900,upi,returning,14,5,otp_timeout,7,1,1,0.09,0
299900,wallet,new,20,4,generic_decline,7,1,0,0.34,0
999900,card,churned,12,5,card_expired,11,4,1,0.72,0
149900,wallet,high_value,11,5,generic_decline,2,4,1,0.52,0
299900,netbanking,new,15,0,insufficient_funds,2,4,0,0.85,0
299900,card,high_value,3,3,ambiguous_timeout,0,0,1,0.2,0
1499900,wallet,high_value,6,2,otp_timeout,11,1,1,0.8,1
149900,netbanking,new,7,1,generic_decline,0,4,1,0.89,0
299900,netbanking,high_value,3,6,card_expired,12,3,0,0.36,0
149900,card,high_value,7,0,bank_server_timeout,9,5,0,0.52,0
49900,netbanking,churned,14,0,ambiguous_timeout,2,3,1,0.02,1
1499900,upi,high_value,6,4,card_expired,2,5,0,0.38,1
199900,upi,new,11,0,generic_decline,3,0,1,0.56,0
199900,wallet,high_value,5,0,insufficient_funds,1,4,1,0.04,1
149900,wallet,high_value,2,6,bank_server_timeout,3,4,1,0.85,1
199900,card,high_value,13,4,bank_server_timeout,11,5,1,1.0,1
199900,card,returning,15,3,ambiguous_timeout,2,3,0,0.86,0
99900,wallet,high_value,10,5,insufficient_funds,4,2,1,0.51,0
999900,netbanking,new,17,1,insufficient_funds,1,5,0,0.18,0
499900,netbanking,new,16,2,card_expired,0,0,1,0.95,0
999900,upi,returning,23,4,card_expired,8,1,0,0.75,0
99900,netbanking,returning,10,1,otp_timeout,1,4,0,0.64,1
49900,wallet,churned,0,2,card_expired,8,4,1,0.3,0
49900,card,churned,3,2,ambiguous_timeout,2,2,1,0.93,1
999900,netbanking,high_value,8,0,card_expired,0,0,1,0.52,0
199900,upi,high_value,12,5,insufficient_funds,6,1,0,0.35,0
1499900,upi,churned,10,0,insufficient_funds,9,4,1,0.29,0
1499900,wallet,churned,18,0,otp_timeout,0,5,0,0.17,0
199900,wallet,high_value,6,4,card_expired,6,4,0,0.95,0
1499900,upi,high_value,11,4,bank_server_timeout,6,3,0,0.89,1
199900,wallet,churned,8,3,ambiguous_timeout,4,2,0,0.31,0
299900,card,churned,3,1,insufficient_funds,8,1,1,0.72,0
1499900,upi,returning,2,6,ambiguous_timeout,0,2,0,0.32,0
99900,upi,high_value,0,0,card_expired,11,5,0,0.2,0
999900,card,high_value,1,1,otp_timeout,8,2,1,0.63,0
299900,card,new,16,2,generic_decline,9,0,1,0.77,1
99900,upi,high_value,22,0,ambiguous_timeout,0,1,1,0.08,0
149900,upi,returning,2,3,insufficient_funds,1,0,1,0.64,0
499900,netbanking,returning,20,6,ambiguous_timeout,9,3,0,0.51,0
199900,wallet,churned,8,5,ambiguous_timeout,2,4,0,0.64,0
149900,card,returning,1,4,ambiguous_timeout,2,2,0,0.63,1
149900,wallet,returning,13,5,otp_timeout,7,3,0,0.49,0
299900,upi,high_value,2,1,insufficient_funds,10,3,1,0.07,0
1499900,netbanking,churned,10,2,generic_decline,2,5,1,0.36,0
999900,wallet,new,12,2,insufficient_funds,9,3,0,0.03,0
149900,wallet,churned,11,4,card_expired,7,5,0,0.01,0
199900,card,returning,23,2,generic_decline,11,4,0,0.14,0
99900,upi,new,5,0,generic_decline,9,0,0,0.4,0
1499900,netbanking,returning,13,1,insufficient_funds,1,4,1,0.37,0
99900,card,new,3,1,otp_timeout,12,2,0,0.26,0
99900,upi,returning,7,0,card_expired,7,0,0,0.62,0
999900,upi,churned,8,5,bank_server_timeout,8,4,1,0.62,0
299900,netbanking,new,3,0,bank_server_timeout,3,4,1,0.33,1
149900,wallet,new,3,3,insufficient_funds,6,2,1,0.08,0
299900,upi,new,17,4,ambiguous_timeout,10,0,0,0.76,0
199900,wallet,high_value,11,1,card_expired,7,1,1,0.01,0
149900,netbanking,churned,23,1,insufficient_funds,7,3,0,0.94,0
499900,netbanking,new,8,2,generic_decline,5,2,0,0.84,0
149900,upi,new,18,5,generic_decline,8,2,1,0.45,1
499900,card,churned,22,4,insufficient_funds,9,4,0,0.72,0
99900,card,new,23,3,card_expired,1,5,0,0.18,0
199900,upi,churned,13,2,otp_timeout,12,5,0,0.97,1
149900,upi,high_value,8,3,bank_server_timeout,11,1,1,0.21,0
49900,wallet,returning,21,1,generic_decline,0,1,0,0.64,0
49900,card,new,9,4,otp_timeout,10,4,0,0.87,1
49900,wallet,high_value,11,6,ambiguous_timeout,5,0,0,0.46,0
1499900,wallet,new,15,2,insufficient_funds,0,5,1,0.57,0
99900,card,returning,22,4,ambiguous_timeout,2,1,0,0.51,0
999900,netbanking,returning,20,3,card_expired,4,4,1,0.62,0
149900,netbanking,churned,8,5,otp_timeout,9,1,1,0.24,0
999900,netbanking,new,1,0,otp_timeout,6,4,0,0.19,0
999900,wallet,returning,14,0,insufficient_funds,3,3,1,0.97,1
1499900,upi,returning,8,2,insufficient_funds,9,5,1,0.0,0
99900,netbanking,new,14,3,otp_timeout,7,2,0,0.86,0
999900,wallet,returning,12,4,card_expired,12,1,0,0.81,0
499900,wallet,churned,21,3,card_expired,4,2,1,0.35,0
299900,upi,churned,9,4,generic_decline,4,4,0,0.14,0
299900,card,churned,6,1,insufficient_funds,0,2,0,0.58,0
299900,wallet,churned,6,0,otp_timeout,9,4,1,0.83,0
49900,card,returning,4,6,card_expired,8,2,0,0.16,0
99900,upi,high_value,15,6,ambiguous_timeout,11,0,1,0.56,0
199900,wallet,churned,16,1,insufficient_funds,1,4,1,0.72,0
149900,card,churned,3,3,ambiguous_timeout,11,2,1,0.33,0
499900,card,churned,22,5,insufficient_funds,9,5,0,0.57,0
149900,upi,high_value,7,3,generic_decline,10,1,0,0.34,0
299900,card,new,12,1,generic_decline,7,3,1,0.04,0
149900,netbanking,new,16,3,ambiguous_timeout,7,1,1,0.48,0
1499900,upi,high_value,10,6,ambiguous_timeout,1,5,0,0.79,0
1499900,netbanking,new,11,4,card_expired,3,0,1,0.16,0
1499900,upi,high_value,4,6,insufficient_funds,10,4,1,0.79,0
499900,netbanking,new,0,5,insufficient_funds,6,1,0,0.81,0
1499900,card,new,16,3,otp_timeout,3,3,0,0.52,0
49900,card,returning,23,1,bank_server_timeout,7,3,0,0.68,1
199900,card,high_value,8,0,generic_decline,11,3,0,0.52,0
499900,wallet,high_value,18,5,otp_timeout,11,4,0,0.66,0
149900,wallet,new,2,1,bank_server_timeout,7,3,0,0.01,0
149900,card,churned,20,5,bank_server_timeout,10,1,1,0.71,0
1499900,wallet,churned,14,2,bank_server_timeout,8,0,1,0.78,1
299900,card,returning,2,4,insufficient_funds,11,4,1,0.94,0
149900,upi,churned,4,3,card_expired,12,3,1,0.05,0
149900,upi,churned,15,5,generic_decline,10,0,1,0.2,0
1499900,netbanking,high_value,14,6,otp_timeout,0,3,0,0.14,0
299900,upi,churned,1,2,ambiguous_timeout,8,2,1,0.26,0
149900,netbanking,high_value,19,1,generic_decline,12,1,0,0.81,0
299900,upi,high_value,5,3,bank_server_timeout,7,1,0,0.17,1
149900,netbanking,high_value,21,6,bank_server_timeout,10,1,0,0.03,1
49900,card,new,20,6,card_expired,7,4,1,0.28,0
99900,card,returning,1,5,ambiguous_timeout,11,0,1,0.41,0
499900,wallet,high_value,17,0,insufficient_funds,1,5,1,0.54,0
299900,netbanking,high_value,5,6,generic_decline,1,5,1,0.18,0
299900,wallet,new,9,5,otp_timeout,3,5,1,0.1,1
199900,upi,high_value,16,0,bank_server_timeout,8,4,0,0.2,1
299900,wallet,high_value,16,3,card_expired,9,2,0,0.33,0
299900,upi,high_value,5,0,bank_server_timeout,3,5,0,0.97,0
149900,card,high_value,17,5,ambiguous_timeout,12,4,0,0.32,0
99900,card,returning,3,3,card_expired,11,3,1,0.42,0
199900,wallet,high_value,7,0,generic_decline,9,1,0,0.36,0
149900,wallet,returning,2,2,insufficient_funds,5,1,1,0.89,0
1499900,card,new,6,3,bank_server_timeout,5,2,0,0.9,1
499900,upi,churned,17,5,generic_decline,0,1,1,0.35,0
199900,wallet,high_value,12,0,generic_decline,8,3,0,0.47,0
199900,wallet,churned,1,0,otp_timeout,6,2,1,0.43,1
49900,card,churned,5,6,otp_timeout,2,2,0,0.42,1
49900,upi,high_value,4,1,bank_server_timeout,1,3,0,0.55,0
149900,wallet,returning,3,1,ambiguous_timeout,2,2,0,0.96,0
299900,netbanking,high_value,12,5,bank_server_timeout,7,4,1,0.04,1
199900,netbanking,high_value,21,3,generic_decline,1,3,1,0.24,1
49900,upi,high_value,19,3,ambiguous_timeout,4,1,1,0.36,0
299900,netbanking,new,20,4,generic_decline,1,5,1,0.05,0
499900,card,high_value,11,0,card_expired,4,4,1,0.78,0
299900,netbanking,high_value,14,4,otp_timeout,7,0,1,0.44,1
999900,netbanking,churned,13,6,otp_timeout,4,4,1,0.74,0
999900,card,returning,0,3,ambiguous_timeout,2,4,1,0.19,0
49900,card,new,12,2,bank_server_timeout,12,3,0,0.18,1
49900,wallet,high_value,6,4,otp_timeout,2,5,0,0.48,1
49900,upi,high_value,5,1,card_expired,8,5,1,0.78,0
299900,wallet,churned,6,5,insufficient_funds,11,2,0,0.27,0
299900,netbanking,churned,13,3,otp_timeout,2,2,1,0.23,1
1499900,wallet,churned,7,4,card_expired,3,4,1,0.92,0
999900,upi,new,18,0,insufficient_funds,9,2,1,0.48,0
149900,card,high_value,7,6,card_expired,6,5,1,0.49,0
149900,upi,churned,10,3,bank_server_timeout,7,3,1,0.72,0
499900,wallet,returning,4,5,bank_server_timeout,11,1,1,0.84,0
49900,upi,returning,5,1,card_expired,5,0,0,0.15,0
199900,wallet,new,12,0,generic_decline,7,3,0,0.89,1
499900,netbanking,returning,10,4,generic_decline,7,5,1,0.49,1
1499900,card,new,13,3,bank_server_timeout,5,2,0,0.97,1
149900,netbanking,new,7,6,bank_server_timeout,6,4,0,0.04,1
49900,card,churned,22,6,otp_timeout,4,4,1,0.59,1
99900,wallet,high_value,7,3,ambiguous_timeout,4,3,0,0.13,1
499900,wallet,high_value,19,4,insufficient_funds,0,1,1,0.78,0
149900,wallet,high_value,8,3,otp_timeout,9,1,1,0.69,1
149900,netbanking,returning,20,6,card_expired,6,3,0,0.17,0
299900,netbanking,new,0,6,card_expired,8,2,0,0.95,0
199900,upi,churned,12,0,ambiguous_timeout,4,2,1,0.82,1
499900,wallet,new,3,4,otp_timeout,6,2,0,0.4,0
1499900,upi,churned,10,1,ambiguous_timeout,8,2,0,0.1,0
499900,upi,new,2,2,generic_decline,11,5,1,0.59,0
299900,card,churned,1,3,card_expired,4,0,1,0.43,0
99900,netbanking,high_value,13,0,insufficient_funds,4,1,1,0.94,0
99900,netbanking,new,10,6,generic_decline,7,4,1,0.92,0
149900,card,returning,21,3,insufficient_funds,5,1,1,0.78,0
199900,upi,high_value,20,0,insufficient_funds,5,3,0,0.65,1
299900,wallet,returning,23,0,generic_decline,8,5,0,0.7,0
99900,card,high_value,21,4,generic_decline,0,2,1,0.96,1
149900,wallet,churned,11,5,otp_timeout,10,3,0,0.23,1
49900,wallet,new,7,0,card_expired,7,1,1,0.13,0
999900,netbanking,churned,4,3,ambiguous_timeout,1,5,1,0.61,0
1499900,wallet,churned,2,1,otp_timeout,5,2,1,0.87,0
199900,card,high_value,19,0,bank_server_timeout,7,1,1,0.1,1
199900,card,churned,11,3,generic_decline,9,5,1,0.51,1
299900,card,new,17,6,otp_timeout,8,3,0,0.5,1
99900,upi,churned,11,3,insufficient_funds,9,5,1,0.45,0
499900,card,returning,21,5,generic_decline,12,4,1,0.9,1
99900,netbanking,new,9,1,generic_decline,7,2,0,0.06,0
999900,wallet,new,7,1,generic_decline,9,4,0,0.96,1
1499900,wallet,new,23,3,card_expired,5,4,0,0.45,0
49900,upi,returning,16,6,card_expired,5,2,1,0.09,0
1499900,netbanking,churned,9,5,insufficient_funds,4,2,0,0.06,0
299900,upi,returning,17,6,generic_decline,4,4,0,0.22,1
499900,netbanking,new,6,5,bank_server_timeout,3,5,0,0.35,0
299900,netbanking,returning,13,0,ambiguous_timeout,12,3,0,0.87,1
149900,netbanking,new,6,3,insufficient_funds,4,1,1,0.24,0
49900,wallet,high_value,12,1,otp_timeout,6,5,0,0.67,0
49900,netbanking,returning,22,2,card_expired,9,3,0,0.18,0
1499900,card,churned,21,2,bank_server_timeout,4,5,0,0.79,0
1499900,card,returning,11,2,generic_decline,7,0,0,0.53,0
299900,card,returning,14,4,ambiguous_timeout,1,4,0,0.25,0
149900,upi,returning,23,1,otp_timeout,5,0,1,0.26,1
999900,upi,returning,1,2,generic_decline,1,3,0,0.31,0
149900,upi,new,20,0,ambiguous_timeout,4,0,1,0.61,0
1499900,netbanking,churned,11,4,generic_decline,5,0,0,0.35,0
499900,wallet,high_value,17,3,card_expired,2,2,0,0.47,0
149900,wallet,new,2,2,otp_timeout,12,1,1,0.11,0
199900,netbanking,churned,6,0,otp_timeout,9,2,1,0.14,1
1499900,card,returning,11,5,ambiguous_timeout,9,1,1,0.67,0
299900,upi,returning,14,1,generic_decline,10,0,0,0.96,0
99900,netbanking,returning,2,5,bank_server_timeout,7,3,1,0.97,0
499900,wallet,returning,2,1,insufficient_funds,6,5,0,0.16,1
1499900,card,churned,9,3,otp_timeout,3,1,0,0.25,1
299900,upi,new,8,4,otp_timeout,3,3,0,0.56,1
49900,upi,returning,4,1,card_expired,4,0,1,0.38,0
1499900,netbanking,high_value,17,4,otp_timeout,4,0,1,0.0,0
1499900,wallet,churned,20,2,card_expired,6,1,1,0.2,0
499900,card,new,1,0,ambiguous_timeout,5,0,0,0.44,0
1499900,wallet,high_value,3,2,generic_decline,5,2,1,0.42,1
499900,card,new,0,4,bank_server_timeout,1,1,1,0.44,1
199900,upi,returning,6,5,generic_decline,11,4,1,0.28,0
99900,upi,new,20,4,generic_decline,4,4,1,0.27,0
149900,card,high_value,7,3,otp_timeout,6,5,0,0.77,1
499900,card,high_value,4,6,card_expired,8,3,0,0.8,0
49900,wallet,high_value,3,0,generic_decline,6,5,1,0.94,0
149900,upi,new,10,4,ambiguous_timeout,6,3,0,0.56,0
999900,upi,high_value,17,0,bank_server_timeout,1,0,0,0.55,1
499900,upi,high_value,4,4,generic_decline,4,2,1,0.77,0
499900,netbanking,high_value,14,2,generic_decline,10,5,1,0.38,0
149900,upi,returning,21,1,otp_timeout,12,3,0,0.32,0
499900,wallet,returning,12,2,generic_decline,2,3,0,0.26,0
1499900,netbanking,new,12,4,generic_decline,9,1,0,0.94,0
999900,upi,high_value,0,6,otp_timeout,3,2,0,0.27,1
149900,netbanking,returning,22,5,ambiguous_timeout,8,2,0,0.77,1
199900,netbanking,churned,16,4,otp_timeout,3,5,0,0.23,0
499900,upi,high_value,8,4,generic_decline,0,3,1,0.17,0
499900,card,churned,5,4,otp_timeout,8,2,0,0.63,0
299900,netbanking,high_value,14,4,ambiguous_timeout,9,3,0,0.79,1
149900,wallet,returning,5,1,insufficient_funds,5,0,0,0.53,0
499900,wallet,returning,7,0,bank_server_timeout,3,0,0,0.28,0
49900,netbanking,returning,7,0,generic_decline,7,5,1,0.62,0
499900,upi,returning,5,1,card_expired,3,3,1,0.34,0
49900,netbanking,high_value,2,4,insufficient_funds,10,1,0,0.33,1
149900,wallet,new,3,4,insufficient_funds,9,2,1,0.18,0
999900,upi,new,5,6,bank_server_timeout,6,1,0,0.31,1
999900,card,returning,3,0,otp_timeout,1,3,1,0.62,0
199900,netbanking,churned,16,1,card_expired,10,4,0,0.84,0
149900,wallet,returning,5,4,card_expired,5,3,0,0.31,0
49900,netbanking,churned,13,5,card_expired,9,4,1,0.5,0
299900,card,churned,23,0,insufficient_funds,6,4,0,0.3,0
499900,netbanking,returning,6,2,bank_server_timeout,9,2,0,0.94,1
299900,upi,churned,21,3,bank_server_timeout,5,1,1,0.67,1
999900,upi,new,16,4,generic_decline,1,4,1,0.01,0
299900,card,high_value,17,6,otp_timeout,7,0,1,0.33,0
299900,wallet,returning,23,5,card_expired,10,2,1,0.93,0
49900,card,high_value,0,4,bank_server_timeout,1,3,0,0.82,1
99900,card,high_value,7,1,otp_timeout,12,4,0,0.27,0
999900,wallet,returning,15,1,bank_server_timeout,8,0,0,0.48,1
1499900,card,returning,18,4,bank_server_timeout,3,0,0,0.76,1
49900,upi,returning,2,1,ambiguous_timeout,3,3,0,0.74,0
299900,upi,high_value,23,5,ambiguous_timeout,3,3,0,0.53,1
499900,wallet,high_value,15,6,ambiguous_timeout,2,4,0,0.28,0
149900,wallet,returning,5,3,card_expired,2,3,0,0.09,0
199900,wallet,high_value,8,4,insufficient_funds,9,3,0,0.1,0
199900,netbanking,returning,22,3,ambiguous_timeout,12,0,0,0.87,0
299900,card,returning,3,1,generic_decline,9,0,0,0.52,0
149900,netbanking,returning,6,0,bank_server_timeout,3,1,1,0.49,1
149900,card,churned,2,2,insufficient_funds,6,5,0,0.26,0
1499900,netbanking,churned,23,3,bank_server_timeout,1,3,1,0.46,1
999900,card,churned,21,2,insufficient_funds,7,0,0,0.84,0
499900,netbanking,returning,1,0,otp_timeout,7,2,0,0.42,0
999900,upi,returning,18,6,card_expired,0,3,0,0.83,0
299900,upi,returning,8,6,ambiguous_timeout,5,3,1,0.32,1
199900,card,new,6,6,insufficient_funds,0,4,0,0.24,0
299900,wallet,returning,22,5,insufficient_funds,8,3,1,0.09,0
199900,upi,returning,12,4,insufficient_funds,10,3,0,0.77,0
499900,netbanking,churned,3,0,insufficient_funds,6,1,1,0.08,0
99900,upi,high_value,1,6,otp_timeout,11,2,0,0.97,0
499900,wallet,new,11,4,otp_timeout,12,5,0,0.01,0
49900,netbanking,returning,10,0,ambiguous_timeout,12,3,1,0.05,0
299900,card,returning,2,3,otp_timeout,4,4,0,0.58,1
199900,upi,new,5,3,generic_decline,3,4,0,0.89,0
999900,upi,new,1,0,ambiguous_timeout,0,1,1,0.84,0
499900,wallet,new,17,4,generic_decline,4,2,1,0.13,0
149900,wallet,high_value,8,0,ambiguous_timeout,8,4,1,0.16,0
999900,netbanking,high_value,5,0,insufficient_funds,7,1,1,0.46,0
149900,netbanking,high_value,21,6,otp_timeout,11,0,0,0.87,1
149900,card,new,13,6,generic_decline,8,4,0,0.02,0
499900,netbanking,new,12,5,card_expired,8,1,1,0.19,0
99900,netbanking,high_value,10,5,otp_timeout,1,1,1,0.28,1
499900,netbanking,new,23,5,bank_server_timeout,12,0,1,0.24,0
199900,wallet,new,15,4,insufficient_funds,10,5,0,0.03,0
1499900,card,churned,3,0,bank_server_timeout,6,2,1,0.43,0
1499900,card,high_value,13,3,insufficient_funds,11,0,1,0.48,0
1499900,wallet,high_value,16,3,insufficient_funds,1,4,0,0.27,0
999900,upi,new,6,2,bank_server_timeout,10,4,0,0.94,0
199900,wallet,high_value,5,0,insufficient_funds,0,3,0,0.74,0
299900,wallet,new,4,0,ambiguous_timeout,2,0,0,0.03,0
299900,netbanking,new,9,4,ambiguous_timeout,9,2,0,0.89,0
499900,card,high_value,2,3,bank_server_timeout,6,4,0,0.52,0
299900,card,returning,18,3,generic_decline,6,4,0,0.24,0
299900,card,new,1,3,bank_server_timeout,11,5,0,0.58,1
199900,wallet,new,6,2,generic_decline,8,1,1,0.94,0
1499900,wallet,new,20,3,ambiguous_timeout,4,5,1,0.37,1
999900,card,churned,12,1,card_expired,9,3,0,0.36,0
99900,wallet,churned,10,4,insufficient_funds,11,4,1,0.17,0
1499900,wallet,returning,18,6,insufficient_funds,6,0,0,0.28,0
999900,netbanking,high_value,16,3,bank_server_timeout,3,1,0,0.46,1
199900,card,high_value,19,3,bank_server_timeout,2,4,1,0.1,1
99900,wallet,high_value,15,4,bank_server_timeout,10,2,1,0.7,1
999900,netbanking,returning,15,1,card_expired,5,5,1,0.7,0
149900,card,returning,0,0,otp_timeout,2,3,1,0.45,0
1499900,wallet,new,16,3,card_expired,0,0,0,0.27,0
199900,card,returning,18,0,insufficient_funds,5,1,0,0.07,0
999900,upi,high_value,11,1,card_expired,8,5,1,0.7,1
1499900,wallet,new,7,5,bank_server_timeout,8,2,1,0.84,1
299900,card,high_value,1,2,insufficient_funds,3,1,1,0.98,0
199900,netbanking,high_value,22,3,card_expired,11,3,1,0.07,0
199900,wallet,new,7,4,insufficient_funds,4,0,1,0.76,0
149900,upi,high_value,20,5,bank_server_timeout,0,2,1,0.56,1
999900,card,returning,22,0,bank_server_timeout,3,2,0,0.28,1
999900,wallet,churned,14,6,otp_timeout,7,3,0,0.14,1
99900,upi,new,19,5,generic_decline,9,0,1,0.87,1
49900,upi,new,0,1,ambiguous_timeout,10,5,1,0.01,0
199900,netbanking,high_value,12,3,insufficient_funds,12,3,1,0.83,0
1499900,netbanking,new,2,5,bank_server_timeout,11,1,0,0.07,1
1499900,upi,high_value,7,3,generic_decline,5,3,1,0.42,0
199900,wallet,new,6,4,bank_server_timeout,10,3,1,0.88,1
149900,upi,returning,4,6,bank_server_timeout,10,2,1,0.04,0
49900,card,returning,13,0,card_expired,7,4,0,0.71,1
199900,netbanking,returning,23,3,generic_decline,6,3,1,0.6,0
149900,netbanking,new,11,2,bank_server_timeout,2,3,0,0.75,1
149900,wallet,new,22,3,insufficient_funds,1,5,1,0.18,0
199900,wallet,churned,22,1,otp_timeout,9,3,0,0.86,0
1499900,netbanking,new,15,2,otp_timeout,8,0,0,0.05,1
299900,netbanking,new,18,1,ambiguous_timeout,2,0,1,0.06,0
149900,wallet,new,15,5,otp_timeout,4,3,0,0.42,0
199900,netbanking,returning,7,5,generic_decline,0,2,0,0.69,0
1499900,netbanking,churned,1,2,bank_server_timeout,6,4,0,0.0,0
1499900,netbanking,returning,20,0,generic_decline,11,2,0,0.41,1
299900,netbanking,returning,1,5,bank_server_timeout,4,3,0,0.94,1
499900,card,high_value,18,1,insufficient_funds,0,5,0,0.86,1
49900,wallet,churned,15,3,otp_timeout,7,4,1,0.23,0
199900,card,returning,23,3,otp_timeout,10,1,0,0.64,1
499900,netbanking,churned,9,2,otp_timeout,9,0,0,0.25,0
99900,wallet,high_value,4,1,insufficient_funds,9,3,0,0.18,0
499900,netbanking,returning,4,5,ambiguous_timeout,12,2,0,0.77,1
199900,netbanking,new,14,6,bank_server_timeout,4,1,0,0.73,0
499900,upi,returning,7,1,generic_decline,8,3,0,0.57,0
99900,wallet,new,15,4,insufficient_funds,11,2,0,0.73,1
199900,netbanking,new,7,1,card_expired,9,4,1,0.46,0
199900,wallet,new,14,1,ambiguous_timeout,10,3,0,0.08,1
99900,upi,churned,10,6,insufficient_funds,5,1,0,0.2,0
149900,wallet,churned,2,3,bank_server_timeout,11,2,0,0.32,0
299900,card,returning,11,6,card_expired,7,3,1,0.92,0
49900,wallet,churned,19,6,bank_server_timeout,9,2,0,0.31,0
149900,wallet,returning,18,4,otp_timeout,0,3,0,0.14,1
299900,card,new,16,0,bank_server_timeout,12,5,1,0.23,0
499900,card,returning,9,3,otp_timeout,1,3,1,0.92,1
1499900,wallet,churned,0,2,generic_decline,5,5,0,0.98,0
999900,wallet,high_value,5,2,insufficient_funds,1,2,0,0.83,0
499900,wallet,new,15,5,generic_decline,11,4,0,0.22,0
999900,upi,churned,1,0,bank_server_timeout,8,2,1,0.6,0
199900,upi,new,22,3,ambiguous_timeout,7,4,0,0.36,0
99900,netbanking,high_value,6,4,otp_timeout,3,0,0,0.0,0
999900,upi,churned,16,2,otp_timeout,5,4,0,0.71,1
299900,netbanking,returning,2,5,insufficient_funds,6,4,1,0.78,0
299900,wallet,new,2,1,card_expired,7,4,1,0.87,0
299900,upi,new,3,5,card_expired,9,0,1,0.09,0
299900,upi,returning,2,2,card_expired,9,4,0,0.59,0
199900,upi,high_value,20,4,generic_decline,6,5,1,0.03,0
199900,wallet,returning,23,2,ambiguous_timeout,11,0,1,0.26,1
49900,upi,high_value,1,5,card_expired,12,3,1,0.82,0
999900,card,returning,18,6,generic_decline,0,0,1,0.9,0
149900,card,churned,5,0,insufficient_funds,12,1,0,0.38,0
999900,upi,high_value,3,0,insufficient_funds,0,1,0,0.35,0
999900,wallet,high_value,1,6,card_expired,6,5,1,0.44,0
49900,card,churned,8,6,generic_decline,3,4,0,0.98,0
149900,card,returning,6,0,generic_decline,8,4,0,0.79,0
199900,upi,high_value,17,4,card_expired,0,1,0,0.57,0
999900,upi,high_value,2,6,generic_decline,8,5,1,0.5,0
149900,upi,new,3,1,card_expired,7,3,1,0.41,0
99900,upi,returning,2,2,insufficient_funds,7,0,1,0.94,1
199900,wallet,new,14,2,otp_timeout,3,2,1,0.04,0
49900,netbanking,new,8,2,otp_timeout,9,0,0,0.66,1
49900,wallet,high_value,12,2,bank_server_timeout,12,4,0,0.1,1
1499900,wallet,high_value,2,0,otp_timeout,1,2,1,0.08,0
49900,card,new,10,4,card_expired,8,4,0,0.33,0
299900,netbanking,new,17,2,generic_decline,11,2,1,0.75,0
499900,upi,high_value,21,0,insufficient_funds,5,5,1,0.7,0
1499900,wallet,returning,20,5,card_expired,4,4,1,0.35,0
99900,wallet,new,2,0,card_expired,6,0,1,0.81,0
199900,wallet,high_value,20,5,bank_server_timeout,12,4,1,0.18,1
499900,wallet,returning,14,3,card_expired,2,0,0,0.7,0
49900,upi,new,22,1,ambiguous_timeout,11,0,0,0.5,1
999900,wallet,returning,4,2,bank_server_timeout,4,3,1,0.03,0
1499900,netbanking,returning,5,5,otp_timeout,4,2,1,0.91,1
499900,wallet,high_value,6,3,generic_decline,1,2,0,0.55,1
1499900,card,high_value,5,5,card_expired,4,0,0,0.3,0
1499900,upi,high_value,2,1,otp_timeout,11,4,1,0.2,1
199900,card,returning,19,5,generic_decline,2,1,1,0.97,1
299900,netbanking,churned,17,3,card_expired,7,1,0,0.53,0
499900,upi,high_value,22,0,bank_server_timeout,11,3,0,0.14,0
499900,wallet,high_value,19,3,bank_server_timeout,5,2,1,1.0,0
999900,netbanking,churned,18,0,generic_decline,5,3,0,0.7,0
499900,wallet,returning,3,1,insufficient_funds,8,4,1,0.17,0
49900,upi,high_value,10,1,insufficient_funds,1,0,0,0.4,0
99900,wallet,churned,12,3,bank_server_timeout,1,4,0,0.5,0
49900,upi,churned,4,5,insufficient_funds,3,0,1,0.04,0
49900,card,high_value,20,3,ambiguous_timeout,8,3,1,0.45,0
999900,wallet,new,15,2,bank_server_timeout,4,3,0,0.76,1
299900,netbanking,high_value,10,3,otp_timeout,8,2,1,0.14,1
299900,card,new,21,6,insufficient_funds,7,1,0,0.63,0
499900,wallet,high_value,9,3,ambiguous_timeout,2,0,0,0.39,1
199900,card,churned,6,3,insufficient_funds,11,4,1,0.66,0
149900,netbanking,churned,3,4,generic_decline,11,4,0,0.24,0
99900,wallet,new,3,6,otp_timeout,4,4,0,0.16,0
1499900,upi,churned,22,4,insufficient_funds,10,2,1,0.27,0
99900,upi,new,4,5,insufficient_funds,6,0,1,0.7,0
1499900,wallet,churned,9,1,bank_server_timeout,6,3,0,0.24,0
99900,upi,new,12,4,card_expired,8,0,1,0.89,0
499900,card,churned,1,5,insufficient_funds,7,5,1,0.02,0
149900,upi,new,13,0,ambiguous_timeout,3,3,0,0.89,0
49900,netbanking,churned,11,3,card_expired,9,5,1,0.94,0
199900,netbanking,churned,16,2,bank_server_timeout,5,5,0,0.05,1
499900,netbanking,new,23,3,insufficient_funds,9,4,0,0.37,0
149900,upi,returning,4,6,card_expired,2,2,0,0.03,0
149900,wallet,new,3,5,insufficient_funds,8,1,0,0.8,0
1499900,upi,churned,16,2,bank_server_timeout,10,0,1,0.1,1
49900,netbanking,churned,7,5,insufficient_funds,12,0,0,0.01,0
499900,upi,high_value,8,1,insufficient_funds,3,2,0,0.09,0
499900,card,churned,11,3,insufficient_funds,1,3,0,0.29,0
49900,card,churned,17,1,ambiguous_timeout,8,1,1,0.75,0
49900,netbanking,new,17,1,insufficient_funds,0,3,0,0.36,0
149900,upi,churned,23,5,bank_server_timeout,3,3,0,0.23,1
149900,wallet,new,0,3,ambiguous_timeout,11,2,0,0.09,0
49900,netbanking,returning,0,1,otp_timeout,2,3,1,0.06,0
299900,wallet,churned,7,5,bank_server_timeout,1,4,1,0.79,1
99900,netbanking,churned,16,2,insufficient_funds,8,5,0,0.94,0
99900,card,returning,9,1,insufficient_funds,6,3,1,0.76,0
999900,netbanking,new,9,5,insufficient_funds,10,2,1,0.62,0
149900,netbanking,high_value,22,5,ambiguous_timeout,1,4,1,0.05,1
1499900,wallet,returning,8,4,insufficient_funds,12,1,0,0.71,0
1499900,card,high_value,4,2,generic_decline,11,2,1,0.05,0
999900,card,returning,22,0,bank_server_timeout,6,4,1,0.06,0
499900,wallet,returning,2,0,card_expired,4,4,1,0.38,0
499900,netbanking,new,7,4,generic_decline,11,0,0,0.93,1
49900,card,returning,4,4,otp_timeout,9,1,0,0.63,1
299900,upi,new,15,2,otp_timeout,3,3,0,0.88,1
49900,card,new,1,6,bank_server_timeout,10,1,0,0.54,1
499900,wallet,new,15,2,insufficient_funds,12,2,1,0.94,0
149900,wallet,returning,10,0,card_expired,6,1,1,0.53,0
499900,netbanking,returning,9,2,insufficient_funds,6,1,1,0.87,0
199900,netbanking,high_value,10,5,insufficient_funds,8,5,1,0.81,0
199900,wallet,high_value,15,3,card_expired,5,2,1,0.44,0
1499900,netbanking,returning,9,4,ambiguous_timeout,10,5,0,0.81,0
149900,card,returning,10,6,card_expired,4,2,0,0.81,0
499900,wallet,churned,0,0,bank_server_timeout,12,0,1,0.3,1
149900,wallet,new,20,6,otp_timeout,5,0,0,0.99,0
99900,upi,returning,16,3,otp_timeout,8,5,1,0.08,0
149900,upi,new,9,6,insufficient_funds,9,1,0,0.67,1
99900,upi,returning,3,2,insufficient_funds,1,4,1,0.5,0
49900,card,new,14,4,generic_decline,3,5,0,0.69,0
999900,upi,high_value,0,5,otp_timeout,1,2,0,0.31,1
49900,netbanking,returning,19,5,insufficient_funds,3,0,1,0.71,0
999900,wallet,new,6,1,ambiguous_timeout,6,4,1,0.62,1
299900,netbanking,high_value,4,6,otp_timeout,12,3,0,0.11,1
999900,wallet,high_value,4,0,insufficient_funds,12,4,1,0.75,0
1499900,netbanking,new,5,6,insufficient_funds,12,1,1,0.95,0
199900,wallet,new,12,2,ambiguous_timeout,9,2,0,0.89,0
499900,card,new,6,2,ambiguous_timeout,12,1,1,0.41,0
299900,wallet,new,0,3,generic_decline,5,5,1,0.76,0
149900,netbanking,returning,23,0,bank_server_timeout,12,3,1,0.43,1
299900,card,returning,15,4,card_expired,6,5,1,0.43,0
149900,upi,high_value,18,1,bank_server_timeout,1,5,0,0.89,1
1499900,wallet,new,20,4,otp_timeout,12,1,1,0.23,1
99900,wallet,churned,12,2,card_expired,5,0,1,0.14,0
49900,netbanking,high_value,10,5,bank_server_timeout,1,5,1,0.87,1
299900,upi,high_value,21,6,ambiguous_timeout,12,3,0,0.18,1
299900,upi,high_value,21,5,ambiguous_timeout,3,1,0,0.81,1
999900,netbanking,returning,3,0,card_expired,11,1,0,0.15,0
299900,card,churned,2,5,insufficient_funds,1,4,1,0.46,0
499900,upi,new,14,2,bank_server_timeout,10,5,0,0.89,0
499900,upi,returning,0,3,otp_timeout,2,2,1,0.22,0
199900,netbanking,high_value,15,6,otp_timeout,3,0,0,0.31,0
149900,wallet,new,2,1,insufficient_funds,8,4,1,0.9,0
299900,card,returning,18,6,insufficient_funds,12,0,0,0.37,0
1499900,wallet,returning,17,1,insufficient_funds,9,2,1,0.41,0
499900,wallet,new,5,1,insufficient_funds,11,4,0,0.02,0
299900,upi,churned,9,4,ambiguous_timeout,11,0,0,0.13,0
1499900,netbanking,returning,9,6,ambiguous_timeout,9,2,1,0.69,1
49900,wallet,high_value,11,5,bank_server_timeout,7,0,0,0.97,1
999900,netbanking,new,15,4,ambiguous_timeout,7,5,0,0.32,0
499900,wallet,new,17,5,insufficient_funds,6,2,0,0.82,1
99900,wallet,returning,23,1,card_expired,4,0,0,0.78,0
999900,netbanking,new,5,4,otp_timeout,2,5,0,0.59,0
999900,wallet,new,21,1,generic_decline,5,0,1,0.62,1
149900,card,new,0,6,generic_decline,9,4,1,0.4,0
499900,wallet,new,7,0,ambiguous_timeout,10,4,1,0.51,0
499900,netbanking,new,12,6,ambiguous_timeout,12,3,0,0.81,0
199900,card,churned,18,2,card_expired,0,1,1,0.05,0
199900,upi,returning,18,2,ambiguous_timeout,0,3,0,0.75,1
199900,upi,returning,20,3,otp_timeout,4,0,1,0.92,1
299900,card,churned,19,1,ambiguous_timeout,12,2,1,0.64,1
999900,card,returning,12,6,bank_server_timeout,3,0,1,0.44,1
999900,wallet,new,9,2,otp_timeout,11,2,1,0.3,0
99900,upi,churned,23,2,bank_server_timeout,11,1,0,0.27,1
299900,upi,churned,12,4,otp_timeout,3,0,1,0.16,0
49900,netbanking,churned,13,1,ambiguous_timeout,8,2,1,0.9,1
499900,card,new,20,1,ambiguous_timeout,11,4,0,0.13,0
299900,netbanking,high_value,4,3,otp_timeout,10,3,0,0.55,0
1499900,card,high_value,5,1,generic_decline,8,3,1,0.34,0
99900,wallet,high_value,1,4,card_expired,5,3,0,0.65,0
149900,netbanking,churned,2,5,generic_decline,12,5,1,0.84,0
49900,wallet,high_value,13,5,generic_decline,11,0,1,0.52,0
1499900,netbanking,high_value,15,2,otp_timeout,3,3,0,0.08,1
999900,card,returning,11,4,insufficient_funds,11,3,1,0.39,0
299900,wallet,returning,21,1,ambiguous_timeout,8,2,0,0.97,0
149900,card,new,5,6,card_expired,0,0,1,0.22,0
49900,upi,new,22,4,bank_server_timeout,6,3,1,0.12,0
999900,wallet,new,10,0,insufficient_funds,6,0,1,0.44,1
999900,card,new,0,4,otp_timeout,2,3,1,0.66,1
999900,upi,new,18,6,otp_timeout,2,3,1,0.61,1
1499900,upi,new,17,2,generic_decline,1,4,0,0.72,0
99900,netbanking,returning,15,4,insufficient_funds,4,1,0,0.24,0
199900,netbanking,new,2,2,card_expired,6,5,1,0.2,0
149900,netbanking,churned,9,4,generic_decline,5,5,0,0.65,0
99900,card,churned,13,1,ambiguous_timeout,7,2,0,0.14,0
49900,card,new,4,6,insufficient_funds,2,1,0,0.17,0
499900,upi,high_value,3,2,generic_decline,7,2,0,0.71,0
299900,card,new,14,2,bank_server_timeout,8,3,1,0.6,0
499900,upi,returning,9,3,generic_decline,9,2,0,0.03,1
99900,wallet,returning,17,0,card_expired,5,4,1,0.7,0
1499900,netbanking,churned,11,3,ambiguous_timeout,9,0,0,0.81,0
99900,upi,high_value,14,1,card_expired,4,5,1,0.03,0
299900,card,returning,4,2,insufficient_funds,0,2,1,0.2,0
999900,upi,churned,17,2,bank_server_timeout,7,1,0,0.36,0
49900,netbanking,high_value,19,2,bank_server_timeout,5,2,1,0.78,0
199900,netbanking,new,17,5,ambiguous_timeout,8,0,0,0.91,0
149900,netbanking,returning,12,6,card_expired,7,3,0,0.26,0
299900,wallet,new,8,5,bank_server_timeout,6,0,1,0.01,1
149900,netbanking,churned,18,0,bank_server_timeout,12,5,1,0.6,0
499900,card,churned,22,5,otp_timeout,11,1,0,0.09,1
49900,upi,new,11,0,insufficient_funds,10,4,0,0.26,0
199900,netbanking,high_value,8,1,generic_decline,7,3,1,0.32,1
999900,netbanking,returning,23,1,generic_decline,0,2,1,0.83,0
999900,upi,new,8,2,generic_decline,7,2,0,0.49,0
149900,card,new,12,1,ambiguous_timeout,3,3,0,0.36,0
299900,upi,returning,23,0,bank_server_timeout,7,5,1,0.34,0
499900,netbanking,returning,6,1,generic_decline,4,2,1,0.77,0
49900,wallet,high_value,8,1,card_expired,6,4,0,0.56,0
1499900,card,high_value,16,2,ambiguous_timeout,0,3,0,0.37,1
1499900,netbanking,returning,23,0,bank_server_timeout,3,0,0,0.01,1
49900,netbanking,new,17,2,card_expired,11,1,1,0.1,0
149900,card,new,5,6,generic_decline,9,0,0,0.27,0
99900,upi,churned,0,4,card_expired,10,5,0,0.95,0
99900,upi,new,9,4,bank_server_timeout,4,3,0,0.23,0
299900,card,new,1,6,bank_server_timeout,6,2,1,0.99,1
99900,upi,churned,10,1,bank_server_timeout,4,5,1,0.28,0
49900,netbanking,returning,0,1,ambiguous_timeout,4,4,0,0.64,0
49900,upi,returning,22,3,ambiguous_timeout,10,5,1,0.6,0
299900,card,new,19,3,card_expired,3,0,1,0.42,0
999900,upi,new,6,5,generic_decline,4,2,0,0.83,1
149900,upi,churned,17,2,card_expired,11,0,0,0.15,0
499900,wallet,churned,16,3,bank_server_timeout,10,5,1,0.39,1
49900,card,high_value,2,6,generic_decline,4,3,0,0.93,0
99900,upi,churned,12,6,bank_server_timeout,0,4,0,0.56,1
199900,upi,high_value,10,2,bank_server_timeout,3,4,1,0.16,1
99900,netbanking,churned,12,2,insufficient_funds,12,5,0,0.91,0
149900,netbanking,new,12,5,card_expired,6,0,1,0.95,0
1499900,netbanking,new,4,1,insufficient_funds,6,4,1,0.41,0
49900,wallet,new,7,2,generic_decline,7,4,1,0.18,0
299900,card,new,6,1,ambiguous_timeout,12,5,1,0.87,0
1499900,wallet,high_value,12,2,otp_timeout,7,5,1,0.38,0
1499900,card,new,1,1,ambiguous_timeout,0,5,0,0.47,0
199900,card,churned,17,1,otp_timeout,3,5,1,0.92,0
499900,card,high_value,0,0,otp_timeout,3,4,0,0.84,0
999900,card,churned,19,5,otp_timeout,0,0,0,0.34,0
149900,upi,returning,6,4,otp_timeout,9,4,0,0.07,0
99900,upi,churned,17,4,card_expired,11,0,0,0.32,0
149900,upi,returning,10,5,otp_timeout,10,5,1,0.53,1
999900,netbanking,new,11,6,generic_decline,10,3,0,0.97,0
99900,card,high_value,7,2,otp_timeout,10,4,0,0.35,0
499900,upi,churned,19,4,bank_server_timeout,1,4,1,0.88,1
49900,netbanking,new,19,4,card_expired,8,0,0,0.54,0
1499900,wallet,new,13,0,card_expired,10,3,0,0.75,0
149900,upi,high_value,4,0,ambiguous_timeout,4,0,1,0.07,0
49900,netbanking,returning,20,0,insufficient_funds,9,1,0,0.03,0
149900,upi,high_value,16,4,generic_decline,6,5,1,0.75,0
1499900,netbanking,new,6,6,otp_timeout,2,4,0,0.84,0
99900,wallet,new,8,3,otp_timeout,2,3,0,0.64,0
99900,netbanking,churned,4,4,card_expired,5,0,1,0.67,0
49900,wallet,high_value,23,0,otp_timeout,4,5,1,0.35,0
149900,card,high_value,19,6,insufficient_funds,4,5,0,0.57,0
299900,card,returning,17,5,generic_decline,0,5,1,0.13,0
1499900,card,high_value,12,0,ambiguous_timeout,12,3,1,0.88,0
999900,netbanking,new,14,4,insufficient_funds,1,4,1,0.36,0
49900,netbanking,new,17,1,otp_timeout,4,4,1,0.36,0
499900,card,churned,0,6,otp_timeout,4,4,0,0.14,0
299900,wallet,new,21,0,insufficient_funds,4,0,0,0.73,0
999900,upi,high_value,15,3,insufficient_funds,3,2,0,0.31,0
999900,wallet,returning,18,2,insufficient_funds,0,5,1,0.8,0
149900,wallet,new,22,4,bank_server_timeout,9,3,1,0.03,1
999900,card,returning,11,3,insufficient_funds,4,5,0,0.97,0
299900,upi,new,12,2,otp_timeout,0,0,0,0.58,1
99900,netbanking,high_value,22,2,card_expired,3,2,1,0.32,0
999900,card,returning,2,1,card_expired,10,5,0,0.07,0
99900,card,high_value,12,5,card_expired,8,1,1,0.57,0
299900,upi,returning,22,3,ambiguous_timeout,3,0,0,0.99,1
49900,card,returning,15,4,generic_decline,3,3,0,0.11,0
299900,card,new,5,6,generic_decline,3,4,1,0.63,0
99900,wallet,churned,14,0,insufficient_funds,3,2,0,0.63,0
1499900,card,returning,11,6,card_expired,5,3,0,0.74,0
99900,card,churned,5,4,insufficient_funds,10,5,0,0.7,0
149900,card,churned,2,5,insufficient_funds,6,2,0,0.25,0
49900,netbanking,high_value,3,1,generic_decline,12,2,1,0.79,0
99900,upi,high_value,13,0,ambiguous_timeout,1,2,1,0.42,1
499900,upi,churned,8,5,ambiguous_timeout,0,1,0,0.61,1
499900,wallet,returning,16,4,bank_server_timeout,1,2,0,0.47,1
49900,netbanking,returning,12,0,insufficient_funds,4,1,0,0.51,0
299900,netbanking,high_value,7,6,bank_server_timeout,2,0,0,0.87,1
149900,card,returning,12,3,ambiguous_timeout,9,4,0,0.61,0
999900,upi,churned,0,3,otp_timeout,0,2,1,0.86,1
199900,netbanking,new,16,1,otp_timeout,6,3,0,0.97,1
149900,card,high_value,9,2,ambiguous_timeout,1,0,1,0.39,1
299900,upi,new,15,3,ambiguous_timeout,0,2,1,0.45,1
149900,card,returning,18,5,card_expired,5,2,1,0.4,0
1499900,wallet,returning,18,2,card_expired,7,1,0,0.52,0
1499900,wallet,new,23,3,otp_timeout,11,0,0,0.7,0
299900,wallet,new,10,6,generic_decline,3,5,0,0.79,0
1499900,wallet,churned,4,6,generic_decline,11,0,1,0.12,0
49900,upi,returning,1,3,insufficient_funds,1,3,1,0.68,0
99900,wallet,returning,5,6,generic_decline,12,2,0,0.45,1
999900,wallet,churned,19,1,insufficient_funds,7,3,0,0.11,0
499900,wallet,new,2,3,ambiguous_timeout,4,4,0,0.76,0
199900,wallet,high_value,22,1,bank_server_timeout,4,5,0,0.65,0
1499900,upi,new,16,6,generic_decline,12,3,0,0.6,1
999900,card,high_value,18,0,ambiguous_timeout,6,1,0,0.13,0
999900,upi,churned,20,1,card_expired,5,4,1,0.6,0
1499900,card,returning,5,0,card_expired,12,2,0,0.24,0
99900,card,churned,17,6,generic_decline,8,0,0,0.93,0
149900,netbanking,returning,2,0,card_expired,9,1,1,0.45,0
299900,upi,churned,14,4,card_expired,4,0,1,0.97,0
1499900,card,high_value,21,2,insufficient_funds,4,4,0,0.2,0
49900,upi,returning,3,0,bank_server_timeout,12,2,0,0.81,0
499900,wallet,high_value,19,1,bank_server_timeout,2,0,0,0.36,1
99900,netbanking,churned,13,0,card_expired,10,3,0,0.98,0
199900,netbanking,new,3,3,card_expired,4,3,1,0.16,0
499900,netbanking,returning,23,3,ambiguous_timeout,2,2,1,0.17,0
99900,netbanking,returning,19,1,generic_decline,7,4,0,0.92,0
149900,upi,returning,5,4,generic_decline,3,1,0,0.2,0
199900,wallet,high_value,18,2,insufficient_funds,5,5,0,0.45,1
199900,upi,high_value,20,1,card_expired,7,4,1,0.03,0
999900,card,new,9,4,bank_server_timeout,6,0,1,0.16,0
99900,wallet,churned,14,4,bank_server_timeout,12,5,1,0.18,0
99900,netbanking,high_value,4,1,otp_timeout,11,4,1,0.32,0
99900,card,churned,9,5,generic_decline,1,2,0,0.36,0
149900,card,new,20,2,ambiguous_timeout,11,2,0,0.59,0
1499900,upi,returning,9,4,otp_timeout,0,1,0,0.12,1
1499900,upi,high_value,3,4,insufficient_funds,1,4,1,0.96,0
999900,wallet,returning,7,6,generic_decline,8,1,0,0.85,0
499900,upi,returning,0,0,card_expired,2,5,1,0.95,0
999900,upi,new,0,1,insufficient_funds,4,4,0,0.78,0
499900,netbanking,churned,2,5,otp_timeout,4,1,0,0.63,0
999900,wallet,returning,2,3,otp_timeout,8,2,1,0.34,0
299900,card,high_value,6,2,insufficient_funds,12,5,0,0.3,0
299900,netbanking,new,18,6,bank_server_timeout,11,5,1,0.33,0
499900,netbanking,returning,23,5,bank_server_timeout,1,0,0,0.14,1
149900,card,high_value,3,5,bank_server_timeout,12,2,0,0.66,1
299900,netbanking,returning,15,3,ambiguous_timeout,12,2,0,0.25,0
99900,card,new,15,4,generic_decline,5,0,0,0.35,0
299900,upi,high_value,9,2,bank_server_timeout,3,1,1,0.59,1
299900,upi,high_value,8,1,bank_server_timeout,7,0,1,0.73,1
99900,card,churned,17,3,card_expired,2,4,0,0.07,0
199900,netbanking,churned,4,3,generic_decline,1,3,0,0.73,0
149900,card,returning,9,3,generic_decline,0,4,1,0.24,0
199900,card,high_value,18,6,otp_timeout,10,4,1,0.99,1
499900,upi,churned,7,2,generic_decline,10,4,1,0.15,0
999900,wallet,churned,18,3,insufficient_funds,12,5,0,0.16,0
1499900,netbanking,high_value,2,5,bank_server_timeout,2,4,0,0.64,0
49900,upi,churned,20,1,bank_server_timeout,3,4,0,0.0,1
499900,card,returning,12,4,bank_server_timeout,6,0,0,0.08,0
149900,netbanking,churned,16,4,ambiguous_timeout,12,4,1,0.01,0
149900,wallet,churned,16,2,otp_timeout,5,2,1,0.44,0
199900,wallet,high_value,20,6,generic_decline,8,3,0,0.82,0
299900,upi,churned,6,0,ambiguous_timeout,8,1,0,0.71,0
1499900,netbanking,high_value,4,6,bank_server_timeout,8,3,1,0.19,1
49900,upi,returning,17,5,card_expired,3,2,1,0.83,0
199900,upi,high_value,15,5,generic_decline,4,0,1,0.68,1
199900,upi,new,23,3,insufficient_funds,7,4,0,0.69,0
149900,wallet,new,14,2,card_expired,7,5,1,0.95,0
99900,wallet,high_value,17,1,ambiguous_timeout,12,3,1,0.14,1
99900,wallet,new,15,4,bank_server_timeout,4,5,1,0.28,0
499900,upi,high_value,23,4,otp_timeout,0,2,0,0.25,0
299900,wallet,churned,4,1,insufficient_funds,9,2,0,0.33,0
499900,upi,returning,1,6,insufficient_funds,10,4,1,0.89,0
49900,upi,new,4,5,ambiguous_timeout,5,0,0,0.78,1
99900,netbanking,churned,11,5,otp_timeout,8,2,0,0.41,0
149900,wallet,high_value,11,4,otp_timeout,0,3,0,0.01,1
49900,wallet,new,20,1,insufficient_funds,11,4,0,0.62,0
499900,card,new,13,3,card_expired,5,2,0,0.82,0
999900,wallet,new,10,0,otp_timeout,7,5,1,0.56,0
499900,card,high_value,11,4,bank_server_timeout,7,4,1,0.17,1
299900,upi,churned,7,6,insufficient_funds,10,4,0,0.63,1
99900,wallet,high_value,4,3,insufficient_funds,11,3,0,0.92,0
999900,card,churned,15,5,ambiguous_timeout,2,2,0,0.3,0
149900,upi,new,3,6,otp_timeout,2,2,0,0.46,1
199900,card,new,17,0,insufficient_funds,4,3,0,0.26,0
1499900,card,high_value,0,2,ambiguous_timeout,4,3,1,0.54,0
49900,wallet,churned,3,3,ambiguous_timeout,2,2,1,0.76,0
999900,card,churned,20,1,card_expired,7,4,0,0.8,0
299900,wallet,new,10,0,ambiguous_timeout,11,2,0,0.92,1
199900,netbanking,churned,5,1,card_expired,7,2,0,0.5,0
1499900,card,returning,18,6,insufficient_funds,8,1,0,0.71,0
299900,netbanking,churned,13,4,bank_server_timeout,9,5,0,0.98,0
999900,upi,new,12,0,generic_decline,8,5,0,0.43,0
199900,wallet,high_value,11,6,bank_server_timeout,9,4,1,0.65,1
299900,card,churned,22,4,otp_timeout,10,0,0,0.56,0
299900,upi,new,17,4,ambiguous_timeout,0,2,0,0.08,0
499900,upi,returning,2,5,otp_timeout,10,2,0,0.75,0
149900,netbanking,new,21,3,otp_timeout,2,4,1,0.96,1
49900,card,new,8,6,ambiguous_timeout,0,5,0,0.1,0
499900,netbanking,churned,2,6,bank_server_timeout,2,1,0,0.93,1
99900,upi,returning,1,5,generic_decline,2,3,0,0.47,0
149900,wallet,high_value,23,3,ambiguous_timeout,9,1,0,0.24,0
1499900,card,new,3,4,insufficient_funds,5,3,0,0.66,0
1499900,card,churned,22,2,generic_decline,0,0,0,0.7,0
499900,upi,returning,22,4,bank_server_timeout,8,1,0,0.93,1
499900,card,returning,17,6,generic_decline,3,1,0,0.23,0
299900,wallet,high_value,14,5,bank_server_timeout,10,5,1,0.15,1
199900,wallet,high_value,5,1,insufficient_funds,5,1,0,0.76,1
1499900,wallet,churned,21,2,generic_decline,4,4,0,0.66,0
299900,upi,high_value,5,0,insufficient_funds,11,0,0,0.24,0
499900,card,returning,12,6,ambiguous_timeout,4,1,1,0.67,0
499900,wallet,returning,6,3,card_expired,6,3,1,0.73,0
499900,upi,new,18,3,otp_timeout,5,3,0,0.6,0
149900,wallet,churned,14,5,insufficient_funds,2,1,0,0.82,1
499900,upi,new,2,1,ambiguous_timeout,4,1,0,0.75,0
199900,upi,churned,18,4,insufficient_funds,12,4,0,0.51,0
299900,wallet,churned,3,0,generic_decline,12,3,0,0.37,0
1499900,netbanking,returning,9,4,generic_decline,12,3,0,0.04,0
49900,card,new,2,3,otp_timeout,0,3,0,0.13,0
499900,card,high_value,16,5,card_expired,6,1,0,0.56,0
49900,upi,high_value,2,6,bank_server_timeout,6,0,0,0.14,1
49900,card,returning,1,6,otp_timeout,5,1,0,0.79,1
99900,wallet,churned,18,6,bank_server_timeout,6,0,0,0.41,1
299900,netbanking,returning,19,1,card_expired,12,5,0,0.58,0
199900,netbanking,high_value,6,5,bank_server_timeout,11,0,0,0.2,1
999900,wallet,returning,5,5,insufficient_funds,7,0,0,0.54,0
99900,card,high_value,8,0,ambiguous_timeout,1,2,0,0.75,0
149900,wallet,churned,19,1,insufficient_funds,2,0,1,0.09,0
299900,upi,churned,9,6,bank_server_timeout,0,3,1,0.46,0
199900,upi,high_value,20,0,insufficient_funds,5,3,1,0.65,0
299900,upi,churned,11,1,ambiguous_timeout,3,0,1,0.64,0
99900,card,churned,5,4,card_expired,1,0,1,0.27,0
199900,netbanking,returning,0,5,ambiguous_timeout,6,0,1,0.65,1
99900,netbanking,returning,15,5,ambiguous_timeout,6,3,1,0.14,0
999900,card,returning,18,3,otp_timeout,8,0,1,0.87,0
99900,wallet,returning,23,2,bank_server_timeout,10,3,0,0.91,0
299900,card,high_value,5,0,card_expired,0,2,1,0.46,0
49900,netbanking,high_value,16,4,generic_decline,0,2,0,0.43,1
99900,card,new,2,0,bank_server_timeout,3,4,0,0.33,1
999900,wallet,high_value,3,5,ambiguous_timeout,10,1,1,0.66,0
1499900,card,new,12,2,ambiguous_timeout,6,2,1,0.51,1
149900,upi,churned,3,2,insufficient_funds,11,5,0,0.27,0
299900,card,returning,13,2,insufficient_funds,0,1,0,0.99,0
499900,netbanking,high_value,19,3,otp_timeout,7,5,1,0.6,0
49900,upi,returning,16,4,ambiguous_timeout,12,5,0,0.84,1
299900,netbanking,new,1,5,bank_server_timeout,4,5,1,0.4,0
999900,upi,high_value,10,3,generic_decline,0,1,1,0.59,0
99900,upi,high_value,4,6,insufficient_funds,2,1,0,0.55,0
149900,netbanking,high_value,10,5,otp_timeout,11,3,1,0.96,0
199900,card,churned,2,6,bank_server_timeout,9,3,1,0.16,0
1499900,card,high_value,1,5,insufficient_funds,6,2,1,0.75,0
99900,card,returning,22,0,insufficient_funds,6,0,1,0.21,0
1499900,netbanking,new,23,1,insufficient_funds,11,1,1,0.75,0
1499900,card,high_value,18,6,card_expired,2,3,1,0.29,0
499900,upi,new,7,3,bank_server_timeout,8,4,0,0.22,1
99900,wallet,churned,15,1,bank_server_timeout,11,0,1,0.98,0
999900,netbanking,high_value,23,2,ambiguous_timeout,7,5,0,0.29,0
499900,wallet,new,11,6,bank_server_timeout,10,5,0,0.28,1
49900,netbanking,returning,1,3,otp_timeout,4,4,1,0.84,0
1499900,wallet,returning,0,5,otp_timeout,2,1,0,0.3,1
499900,upi,churned,6,3,generic_decline,1,2,1,0.53,0
1499900,upi,returning,5,4,insufficient_funds,3,2,0,0.87,0
149900,wallet,high_value,22,3,ambiguous_timeout,0,1,1,0.4,1
499900,netbanking,high_value,0,2,insufficient_funds,7,0,0,0.01,0
149900,netbanking,returning,9,1,generic_decline,11,3,1,0.92,0
1499900,wallet,new,18,2,card_expired,9,3,1,0.34,0
149900,upi,new,5,6,generic_decline,7,5,0,0.27,0
199900,netbanking,high_value,6,5,otp_timeout,3,2,1,0.13,1
99900,netbanking,returning,15,0,otp_timeout,8,3,0,0.03,1
499900,card,high_value,1,4,generic_decline,1,0,0,0.41,0
149900,wallet,high_value,12,1,ambiguous_timeout,10,3,1,0.54,0
299900,card,new,4,2,insufficient_funds,8,4,1,0.18,0
999900,upi,churned,23,2,otp_timeout,9,3,0,0.79,1
1499900,card,returning,21,1,insufficient_funds,11,1,0,0.31,0
299900,netbanking,returning,19,2,card_expired,7,3,0,0.25,0
99900,upi,churned,13,5,generic_decline,11,1,1,0.35,0
999900,netbanking,high_value,18,1,otp_timeout,7,0,1,0.48,1
1499900,wallet,returning,8,5,card_expired,8,4,1,0.93,0
49900,card,high_value,0,2,generic_decline,1,5,0,0.18,0
149900,card,high_value,13,1,bank_server_timeout,1,3,1,0.47,1
499900,netbanking,churned,21,5,generic_decline,10,0,0,0.56,0
1499900,upi,churned,4,4,bank_server_timeout,3,4,1,0.88,1
499900,netbanking,high_value,10,0,bank_server_timeout,2,5,1,0.92,1
99900,upi,returning,21,0,generic_decline,10,1,0,0.42,0
1499900,netbanking,new,0,0,ambiguous_timeout,11,2,0,0.88,1
499900,card,returning,0,1,generic_decline,9,1,1,0.93,0
199900,upi,returning,4,4,bank_server_timeout,2,4,0,0.01,1
199900,card,returning,11,6,ambiguous_timeout,3,4,0,0.13,1
199900,wallet,returning,1,6,insufficient_funds,6,5,1,0.78,0
499900,wallet,high_value,19,1,insufficient_funds,3,4,0,0.94,0
99900,card,churned,22,4,otp_timeout,7,1,1,0.29,1
49900,upi,churned,16,1,card_expired,4,1,0,0.38,0
149900,netbanking,churned,1,3,insufficient_funds,2,0,1,0.18,0
199900,card,returning,22,3,ambiguous_timeout,11,4,0,0.09,0
299900,netbanking,high_value,0,4,bank_server_timeout,11,1,1,0.82,1
49900,upi,high_value,9,0,generic_decline,8,0,1,0.93,1
49900,wallet,new,17,6,generic_decline,10,2,0,0.57,0
49900,card,churned,18,2,bank_server_timeout,1,2,1,0.67,1
1499900,wallet,high_value,5,4,card_expired,3,5,1,0.7,0
199900,netbanking,new,7,0,ambiguous_timeout,8,3,1,0.82,1
149900,netbanking,high_value,17,2,ambiguous_timeout,0,3,1,0.68,1
99900,upi,new,3,0,card_expired,12,4,1,0.67,0
499900,wallet,returning,18,6,otp_timeout,1,1,1,0.45,1
199900,card,high_value,3,3,ambiguous_timeout,1,2,0,0.09,1
1499900,wallet,churned,22,3,ambiguous_timeout,12,0,0,0.46,0
1499900,card,new,21,1,insufficient_funds,6,3,0,0.22,0
1499900,wallet,high_value,15,2,otp_timeout,4,2,1,0.51,0
49900,card,returning,4,3,insufficient_funds,3,0,1,0.14,0
999900,wallet,high_value,22,3,ambiguous_timeout,2,2,0,0.1,0
1499900,wallet,high_value,2,4,otp_timeout,2,5,0,0.76,1
999900,netbanking,returning,12,4,card_expired,8,0,1,0.62,0
999900,netbanking,returning,2,5,otp_timeout,12,3,1,0.66,1
499900,card,churned,14,5,card_expired,3,1,1,0.47,0
199900,netbanking,churned,9,2,insufficient_funds,9,0,1,0.31,0
199900,netbanking,high_value,2,5,bank_server_timeout,12,3,0,0.04,0
1499900,wallet,churned,8,6,ambiguous_timeout,5,0,0,0.3,1
99900,upi,returning,5,2,otp_timeout,8,0,0,0.67,0
299900,card,high_value,23,5,otp_timeout,1,0,1,0.59,0
49900,card,high_value,20,1,otp_timeout,10,2,1,0.29,1
999900,netbanking,high_value,1,3,generic_decline,11,1,1,0.6,0
149900,upi,returning,2,1,ambiguous_timeout,9,4,0,0.24,1
99900,card,high_value,23,6,otp_timeout,5,3,0,0.68,0
149900,wallet,churned,6,2,ambiguous_timeout,3,3,0,0.5,0
1499900,upi,new,23,4,card_expired,5,5,1,0.42,0
499900,upi,high_value,23,6,insufficient_funds,3,4,0,0.83,1
199900,netbanking,returning,18,0,generic_decline,3,1,0,0.36,0
999900,card,high_value,4,2,ambiguous_timeout,8,0,0,0.18,0
149900,upi,high_value,13,2,generic_decline,0,2,0,0.71,0
999900,wallet,high_value,5,3,otp_timeout,10,0,1,0.96,1
999900,card,new,14,6,generic_decline,8,1,0,0.27,0
199900,card,returning,14,5,insufficient_funds,5,1,0,0.57,0
199900,card,new,5,0,generic_decline,11,2,0,0.72,0
199900,card,new,12,2,generic_decline,1,3,1,0.32,0
149900,netbanking,churned,2,2,ambiguous_timeout,12,0,1,0.39,0
1499900,netbanking,churned,18,6,otp_timeout,3,2,1,0.28,0
199900,card,new,12,4,bank_server_timeout,1,2,1,0.61,1
299900,card,returning,15,2,card_expired,6,0,1,0.75,0
1499900,wallet,high_value,1,2,generic_decline,10,1,1,0.83,0
499900,wallet,returning,0,4,generic_decline,10,2,0,0.15,0
499900,netbanking,high_value,0,2,otp_timeout,5,2,1,0.98,0
99900,netbanking,new,19,0,otp_timeout,2,3,0,0.4,0
199900,wallet,returning,2,2,bank_server_timeout,5,2,1,0.73,1
499900,upi,high_value,12,2,insufficient_funds,10,3,1,0.1,0
49900,netbanking,churned,1,5,generic_decline,10,2,1,1.0,0
49900,netbanking,new,21,1,card_expired,6,5,0,0.34,0
499900,netbanking,new,17,4,otp_timeout,1,2,1,0.61,0
499900,card,high_value,1,2,card_expired,9,4,1,0.53,0
299900,upi,new,14,0,otp_timeout,9,3,0,0.58,1
1499900,upi,high_value,1,0,ambiguous_timeout,3,3,0,0.58,1
149900,upi,churned,12,0,bank_server_timeout,1,4,1,0.79,1
199900,card,new,18,5,otp_timeout,10,4,0,0.48,1
999900,wallet,returning,9,4,bank_server_timeout,0,5,0,0.46,1
199900,upi,high_value,10,1,card_expired,4,0,0,0.21,0
499900,netbanking,churned,4,2,otp_timeout,8,3,1,0.94,0
99900,wallet,high_value,20,6,otp_timeout,12,0,1,0.52,1
1499900,wallet,returning,12,0,card_expired,7,3,1,0.71,0
199900,upi,high_value,12,4,generic_decline,10,1,0,0.95,0
49900,card,high_value,1,2,generic_decline,2,1,0,0.53,0
149900,wallet,churned,12,3,generic_decline,7,1,0,0.19,1
499900,wallet,new,11,6,generic_decline,7,4,0,0.81,0
1499900,wallet,high_value,10,0,insufficient_funds,10,5,0,0.58,0
199900,card,high_value,19,0,bank_server_timeout,11,5,1,0.46,0
49900,card,returning,10,3,bank_server_timeout,3,1,0,0.22,1
299900,wallet,new,23,2,ambiguous_timeout,0,3,1,0.7,0
499900,upi,new,23,3,otp_timeout,2,3,1,0.43,1
499900,upi,returning,16,0,card_expired,3,3,0,0.76,0
299900,netbanking,high_value,6,2,insufficient_funds,12,0,0,0.2,0
199900,netbanking,new,8,5,generic_decline,9,0,1,0.64,0
1499900,upi,high_value,0,5,bank_server_timeout,9,1,0,0.45,1
999900,card,high_value,3,0,generic_decline,11,1,1,0.79,0
49900,wallet,returning,3,0,ambiguous_timeout,1,1,0,0.65,1
49900,netbanking,high_value,10,0,otp_timeout,12,1,0,0.27,1
149900,wallet,high_value,22,5,otp_timeout,1,4,0,0.73,1
199900,card,churned,1,6,ambiguous_timeout,4,5,0,0.22,0
1499900,upi,new,21,1,ambiguous_timeout,11,2,0,0.71,1
1499900,upi,new,12,4,bank_server_timeout,0,0,0,0.42,1
99900,upi,churned,5,1,ambiguous_timeout,5,5,1,0.42,1
99900,wallet,returning,3,3,generic_decline,0,0,1,0.38,0
149900,wallet,new,12,2,otp_timeout,12,3,0,0.55,1
299900,upi,churned,5,5,bank_server_timeout,4,5,1,0.06,1
999900,card,returning,6,2,card_expired,12,5,0,0.37,0
499900,upi,high_value,14,0,otp_timeout,11,2,1,0.27,0
499900,netbanking,new,11,1,ambiguous_timeout,11,3,1,0.5,1
99900,card,high_value,12,6,ambiguous_timeout,5,1,1,0.22,1
999900,upi,churned,18,3,card_expired,5,1,0,0.51,0
99900,wallet,churned,12,0,ambiguous_timeout,4,4,0,0.45,0
499900,netbanking,returning,14,0,card_expired,10,3,1,0.87,1
49900,wallet,churned,17,6,card_expired,5,3,0,0.68,0
299900,upi,new,21,1,generic_decline,5,1,1,0.88,0
499900,card,high_value,9,1,card_expired,11,2,1,0.21,0
1499900,wallet,new,5,1,card_expired,8,4,1,0.78,0
499900,card,new,8,0,ambiguous_timeout,9,4,1,0.43,0
99900,netbanking,high_value,21,1,bank_server_timeout,9,3,0,0.56,1
149900,wallet,churned,5,5,card_expired,0,4,1,0.44,0
1499900,wallet,high_value,15,4,generic_decline,8,0,0,0.68,0
1499900,card,new,19,5,bank_server_timeout,7,3,0,0.47,0
149900,card,returning,16,1,ambiguous_timeout,12,0,1,0.51,1
199900,wallet,high_value,21,3,otp_timeout,7,3,0,0.01,1
1499900,netbanking,new,12,3,generic_decline,7,5,1,0.86,1
299900,wallet,high_value,23,0,generic_decline,8,3,1,0.81,1
499900,wallet,high_value,0,0,generic_decline,3,4,0,0.92,0
49900,netbanking,churned,14,3,card_expired,9,3,0,0.91,0
49900,wallet,returning,22,2,ambiguous_timeout,2,5,1,0.59,0
99900,wallet,returning,4,4,otp_timeout,7,1,1,0.94,1
49900,upi,new,11,5,otp_timeout,12,4,0,0.93,0
99900,netbanking,high_value,21,6,otp_timeout,2,0,0,0.41,0
49900,card,returning,4,0,ambiguous_timeout,5,3,0,0.34,0
999900,wallet,high_value,14,5,otp_timeout,11,1,1,0.08,0
1499900,card,churned,1,5,bank_server_timeout,11,0,0,0.94,0
149900,card,returning,21,5,card_expired,1,4,0,0.42,0
999900,wallet,returning,14,4,card_expired,5,5,0,0.51,0
99900,upi,new,8,3,ambiguous_timeout,1,4,1,0.58,0
499900,wallet,returning,3,3,ambiguous_timeout,5,3,0,0.31,0
1499900,card,new,18,2,ambiguous_timeout,6,2,0,0.05,1
299900,upi,returning,12,6,ambiguous_timeout,9,3,1,0.94,1
99900,wallet,high_value,5,4,insufficient_funds,8,5,0,0.44,0
199900,wallet,churned,22,5,generic_decline,11,5,1,0.67,0
149900,netbanking,high_value,22,6,otp_timeout,0,3,1,0.63,0
499900,netbanking,returning,16,1,otp_timeout,11,0,0,0.47,0
299900,card,high_value,0,5,card_expired,10,3,1,0.14,0
199900,card,new,23,6,otp_timeout,9,4,1,0.58,0
999900,card,high_value,4,6,otp_timeout,3,2,0,0.92,0
499900,upi,high_value,21,3,card_expired,5,3,1,0.98,0
199900,upi,returning,4,4,ambiguous_timeout,2,1,0,0.56,0
299900,netbanking,new,1,6,card_expired,9,4,1,0.09,0
999900,wallet,new,2,0,card_expired,4,3,0,0.87,0
999900,wallet,returning,23,6,card_expired,2,3,0,0.18,0
499900,netbanking,churned,7,4,ambiguous_timeout,1,0,0,0.63,1
499900,netbanking,high_value,11,4,generic_decline,12,1,0,0.49,0
299900,wallet,new,10,0,bank_server_timeout,0,3,0,0.35,0
999900,netbanking,churned,13,6,bank_server_timeout,3,2,1,0.21,1
499900,card,high_value,12,3,bank_server_timeout,6,3,0,0.34,0
299900,netbanking,churned,2,4,insufficient_funds,3,4,1,0.94,0
149900,card,returning,10,3,ambiguous_timeout,2,0,1,0.43,0
99900,wallet,new,18,2,card_expired,9,0,0,0.65,0
149900,card,new,15,4,insufficient_funds,6,2,1,0.89,0
199900,upi,new,12,5,otp_timeout,7,5,0,0.14,0
99900,netbanking,returning,2,5,otp_timeout,9,4,1,0.24,0
299900,netbanking,churned,1,6,ambiguous_timeout,5,5,0,0.33,0
999900,card,new,11,0,card_expired,0,0,1,0.84,0
999900,upi,new,19,3,insufficient_funds,8,4,1,0.1,0
149900,wallet,new,21,1,card_expired,2,0,1,0.37,0
99900,card,high_value,22,1,generic_decline,0,1,1,0.48,0
199900,wallet,returning,15,4,bank_server_timeout,2,1,1,0.92,1
299900,wallet,high_value,19,0,card_expired,7,2,0,0.35,0
299900,card,high_value,3,6,ambiguous_timeout,2,1,1,0.15,0
299900,card,high_value,12,6,generic_decline,1,5,0,0.04,0
999900,netbanking,returning,12,1,otp_timeout,7,5,0,0.01,0
99900,upi,returning,15,3,otp_timeout,12,1,1,0.77,0
1499900,wallet,churned,17,5,bank_server_timeout,12,1,1,0.66,1
199900,upi,new,18,4,insufficient_funds,6,2,1,0.43,1
1499900,wallet,churned,5,3,generic_decline,8,5,1,0.85,0
49900,wallet,high_value,3,4,ambiguous_timeout,8,0,0,0.12,0
1499900,netbanking,new,7,4,ambiguous_timeout,8,2,1,0.34,1
49900,wallet,returning,10,1,bank_server_timeout,12,1,1,0.28,1
199900,upi,returning,15,0,insufficient_funds,10,5,1,0.27,0
299900,upi,churned,4,5,generic_decline,9,3,0,0.55,0
499900,wallet,high_value,21,3,bank_server_timeout,3,2,1,0.78,1
49900,wallet,high_value,2,0,card_expired,4,1,0,0.55,0
49900,netbanking,high_value,3,3,ambiguous_timeout,12,3,1,0.55,0
999900,upi,returning,15,5,generic_decline,8,2,0,0.96,0
999900,card,churned,1,3,otp_timeout,8,5,0,0.18,0
499900,netbanking,returning,23,0,otp_timeout,6,2,0,0.04,0
1499900,card,returning,16,2,otp_timeout,3,3,0,0.11,0
49900,card,churned,0,6,card_expired,5,5,1,0.87,0
199900,netbanking,churned,2,0,card_expired,11,4,0,0.14,0
149900,upi,high_value,10,4,otp_timeout,1,1,0,0.32,1
999900,netbanking,returning,15,2,bank_server_timeout,2,4,1,0.03,0
199900,netbanking,new,6,5,otp_timeout,11,2,1,0.83,1
149900,upi,new,6,3,ambiguous_timeout,4,0,1,0.61,1
199900,wallet,high_value,3,3,generic_decline,3,4,1,0.76,0
1499900,wallet,returning,9,0,otp_timeout,6,5,0,0.5,0
49900,upi,new,4,2,otp_timeout,4,5,1,0.12,1
299900,upi,new,11,4,otp_timeout,7,3,0,0.98,1
299900,upi,churned,9,5,ambiguous_timeout,12,5,0,0.71,0
49900,card,returning,22,6,bank_server_timeout,0,3,1,0.63,1
149900,upi,high_value,0,2,otp_timeout,4,1,1,0.91,0
1499900,wallet,churned,3,1,otp_timeout,4,0,0,1.0,0
999900,wallet,new,12,6,card_expired,7,4,1,0.28,0
199900,upi,high_value,13,6,card_expired,2,3,1,0.99,1
149900,netbanking,high_value,1,5,generic_decline,7,1,1,0.76,0
1499900,card,new,2,3,bank_server_timeout,10,5,0,0.23,0
1499900,netbanking,churned,10,1,bank_server_timeout,1,1,1,0.64,1
49900,wallet,high_value,3,3,ambiguous_timeout,5,3,0,0.84,0
49900,upi,returning,22,0,insufficient_funds,3,5,1,0.09,0
99900,wallet,high_value,21,5,insufficient_funds,1,0,1,0.36,0
149900,wallet,new,11,6,insufficient_funds,12,4,0,0.11,0
49900,upi,new,18,1,bank_server_timeout,2,1,1,0.09,0
499900,netbanking,returning,3,3,bank_server_timeout,7,2,1,0.43,1
49900,wallet,returning,19,0,bank_server_timeout,12,5,0,0.04,0
999900,wallet,high_value,3,0,bank_server_timeout,2,2,1,0.73,0
999900,upi,returning,6,5,bank_server_timeout,0,1,1,0.74,1
199900,wallet,high_value,21,6,ambiguous_timeout,1,1,0,0.28,0
499900,netbanking,churned,23,3,card_expired,9,2,0,0.05,0
299900,card,high_value,8,4,insufficient_funds,8,2,1,0.53,0
1499900,upi,returning,4,1,otp_timeout,8,3,1,0.84,1
1499900,netbanking,high_value,8,5,generic_decline,0,5,1,0.17,0
1499900,netbanking,high_value,13,0,ambiguous_timeout,7,0,1,0.12,0
149900,wallet,high_value,11,1,card_expired,10,0,0,0.09,0
999900,netbanking,returning,16,1,bank_server_timeout,6,4,1,0.92,0
999900,wallet,new,18,4,insufficient_funds,8,1,1,0.3,0
149900,upi,new,22,3,ambiguous_timeout,12,1,0,0.08,1
999900,upi,new,21,0,ambiguous_timeout,1,2,1,0.79,1
99900,wallet,new,2,0,generic_decline,7,0,1,0.6,1
1499900,upi,high_value,3,2,insufficient_funds,10,3,0,0.74,0
149900,upi,high_value,3,2,card_expired,4,2,0,0.91,0
199900,card,returning,22,3,bank_server_timeout,9,3,1,0.53,0
999900,wallet,churned,15,4,otp_timeout,0,2,1,0.32,0
1499900,upi,returning,18,6,bank_server_timeout,10,1,1,0.56,0
49900,card,returning,11,3,otp_timeout,8,3,0,0.89,1
99900,wallet,new,14,6,card_expired,1,3,1,0.86,0
199900,wallet,returning,16,4,ambiguous_timeout,9,1,0,0.29,0
1499900,netbanking,returning,4,5,otp_timeout,1,1,1,0.95,1
1499900,netbanking,churned,13,0,generic_decline,6,4,0,0.72,0
199900,upi,new,12,1,card_expired,10,4,1,0.48,0
999900,upi,new,11,1,bank_server_timeout,6,3,0,0.02,1
49900,card,high_value,9,1,ambiguous_timeout,9,4,1,0.52,0
49900,wallet,returning,11,0,otp_timeout,6,0,1,0.82,1
199900,netbanking,returning,4,4,generic_decline,5,2,1,0.55,0
199900,wallet,high_value,3,1,card_expired,5,1,1,0.36,0
99900,card,churned,6,1,bank_server_timeout,10,1,0,0.59,0
999900,netbanking,high_value,19,0,card_expired,0,1,1,0.85,0
499900,wallet,churned,3,0,card_expired,11,5,1,0.34,1
49900,wallet,churned,10,6,bank_server_timeout,1,4,1,0.03,1
1499900,upi,high_value,8,1,insufficient_funds,9,3,1,0.97,0
99900,upi,high_value,8,4,insufficient_funds,11,5,0,0.66,0
999900,netbanking,churned,17,2,ambiguous_timeout,10,0,0,0.89,1
999900,card,high_value,10,6,generic_decline,11,0,1,0.95,0
99900,card,churned,8,1,generic_decline,5,5,0,0.62,0
299900,netbanking,returning,7,5,otp_timeout,2,4,1,0.54,1
299900,wallet,returning,10,3,generic_decline,2,1,0,0.54,0
999900,netbanking,returning,23,4,otp_timeout,8,4,0,1.0,1
299900,card,returning,16,2,card_expired,3,2,0,0.49,0
99900,wallet,new,15,1,bank_server_timeout,10,1,0,0.69,1
49900,upi,high_value,1,5,bank_server_timeout,2,4,0,0.22,0
999900,upi,high_value,5,4,ambiguous_timeout,2,1,1,0.43,0
299900,netbanking,churned,8,3,ambiguous_timeout,12,5,1,0.54,0
149900,netbanking,returning,17,5,generic_decline,7,5,1,0.08,0
49900,wallet,high_value,19,4,ambiguous_timeout,0,5,0,0.12,0
199900,wallet,high_value,1,6,ambiguous_timeout,6,0,1,0.87,0
149900,card,churned,15,5,card_expired,0,2,0,0.39,1
149900,netbanking,churned,22,3,ambiguous_timeout,11,2,1,0.45,1
99900,netbanking,churned,1,3,bank_server_timeout,4,4,0,0.56,0
49900,netbanking,churned,9,3,card_expired,9,4,1,0.36,0
149900,card,returning,2,5,insufficient_funds,0,3,1,0.5,1
1499900,upi,new,19,0,generic_decline,7,3,1,0.12,0
49900,card,high_value,9,1,card_expired,0,1,0,0.32,0
299900,upi,returning,0,2,bank_server_timeout,9,5,0,0.06,1
299900,wallet,high_value,0,2,bank_server_timeout,3,5,1,0.41,1
299900,upi,new,18,6,generic_decline,6,4,0,0.99,0
299900,upi,new,8,1,card_expired,10,3,1,0.65,0
99900,card,churned,7,1,generic_decline,1,0,1,0.51,1
99900,netbanking,churned,8,6,card_expired,5,2,1,0.87,0
49900,card,new,19,0,insufficient_funds,4,4,1,0.4,0
149900,upi,returning,3,4,otp_timeout,8,1,1,0.57,1
999900,upi,churned,21,5,generic_decline,9,1,1,0.73,0
1499900,netbanking,high_value,22,1,insufficient_funds,3,1,1,0.52,0
99900,wallet,high_value,3,5,generic_decline,7,1,1,0.61,0
99900,wallet,churned,9,5,otp_timeout,10,0,1,0.49,0
999900,wallet,high_value,22,4,otp_timeout,3,4,0,0.9,0
149900,upi,returning,4,6,otp_timeout,9,5,0,0.23,0
299900,card,returning,1,4,ambiguous_timeout,12,2,1,0.14,0
49900,wallet,high_value,4,1,bank_server_timeout,9,1,0,0.08,0
149900,card,new,16,5,bank_server_timeout,9,3,1,0.85,1
999900,card,returning,7,5,bank_server_timeout,10,2,1,0.54,1
299900,netbanking,churned,4,0,generic_decline,2,1,1,0.69,0
199900,wallet,churned,21,5,generic_decline,4,4,0,0.79,0
199900,netbanking,new,16,1,ambiguous_timeout,12,4,0,0.1,0
199900,netbanking,new,5,0,generic_decline,0,4,1,0.13,0
149900,upi,new,10,2,card_expired,9,5,1,0.58,0
1499900,upi,churned,23,1,otp_timeout,6,0,0,0.37,0
199900,upi,new,22,5,bank_server_timeout,4,0,0,0.06,1
49900,wallet,returning,23,4,bank_server_timeout,11,1,0,0.63,0
199900,netbanking,churned,7,3,insufficient_funds,10,0,1,0.75,0
49900,upi,churned,4,1,otp_timeout,0,4,1,0.28,0
499900,wallet,churned,14,0,card_expired,1,3,1,0.14,0
149900,upi,new,7,3,ambiguous_timeout,4,0,0,0.15,1
299900,upi,returning,6,0,otp_timeout,2,5,0,0.15,0
149900,netbanking,churned,12,5,ambiguous_timeout,0,5,1,0.55,0
299900,wallet,returning,10,1,generic_decline,7,1,1,0.94,0
299900,netbanking,new,23,1,bank_server_timeout,6,4,1,0.32,0
99900,upi,high_value,10,0,generic_decline,7,0,0,0.5,1
99900,upi,new,16,5,otp_timeout,6,5,1,0.87,0
199900,card,high_value,7,3,card_expired,8,3,0,0.78,0
99900,upi,churned,14,0,card_expired,5,4,0,0.17,0
49900,wallet,churned,11,0,otp_timeout,3,0,1,0.07,1
999900,netbanking,high_value,2,1,bank_server_timeout,10,2,0,0.7,1
1499900,wallet,new,4,3,card_expired,6,1,1,0.41,0
149900,upi,churned,1,5,bank_server_timeout,9,0,1,0.14,0
499900,wallet,churned,9,2,card_expired,8,4,0,0.57,0
1499900,netbanking,new,12,6,ambiguous_timeout,3,2,0,0.36,0
199900,wallet,new,6,3,bank_server_timeout,1,5,1,0.31,0
1499900,netbanking,new,18,4,insufficient_funds,3,2,0,0.01,0
299900,netbanking,new,1,6,otp_timeout,11,0,0,0.85,1
499900,wallet,returning,10,3,card_expired,3,0,0,0.99,0
149900,card,churned,11,2,bank_server_timeout,10,3,1,0.77,1
49900,netbanking,returning,8,6,card_expired,2,1,1,0.8,1
299900,netbanking,high_value,15,6,card_expired,12,4,0,0.36,0
49900,upi,returning,4,0,ambiguous_timeout,6,0,0,0.62,1
999900,card,returning,20,2,otp_timeout,0,3,0,0.2,0
299900,netbanking,high_value,18,2,generic_decline,0,0,0,0.42,0
199900,upi,high_value,6,6,generic_decline,2,0,1,0.52,1
499900,upi,high_value,20,1,bank_server_timeout,7,3,0,0.02,1
99900,netbanking,returning,4,4,ambiguous_timeout,7,4,1,0.87,0
149900,wallet,high_value,11,6,ambiguous_timeout,6,0,1,0.12,0
999900,wallet,new,15,6,card_expired,4,5,1,0.63,0
499900,wallet,new,9,6,card_expired,10,1,1,0.84,0
999900,netbanking,high_value,13,5,generic_decline,0,4,1,0.21,1
299900,wallet,returning,22,5,card_expired,0,3,1,0.42,0
1499900,card,churned,17,3,insufficient_funds,3,3,0,0.34,0
999900,wallet,new,2,5,generic_decline,6,4,1,0.11,0
499900,upi,new,17,2,insufficient_funds,6,2,0,0.97,0
199900,netbanking,churned,20,6,bank_server_timeout,4,1,1,0.54,0
149900,upi,new,8,6,bank_server_timeout,4,0,0,0.88,1
99900,netbanking,returning,0,2,ambiguous_timeout,5,3,1,0.07,1
199900,wallet,high_value,20,2,bank_server_timeout,11,3,1,0.24,1
199900,upi,high_value,11,3,bank_server_timeout,12,0,1,0.69,1
999900,wallet,churned,21,4,bank_server_timeout,5,3,1,0.35,0
999900,netbanking,returning,14,5,generic_decline,3,1,0,0.28,0
299900,wallet,churned,18,2,bank_server_timeout,12,5,1,0.74,0
199900,card,churned,10,1,generic_decline,1,1,1,0.6,0
499900,card,new,17,2,card_expired,12,3,0,0.37,0
199900,upi,churned,18,3,otp_timeout,10,0,1,0.22,0
49900,upi,returning,13,3,bank_server_timeout,3,1,0,0.7,1
49900,wallet,new,16,5,generic_decline,5,4,1,0.3,0
99900,netbanking,high_value,1,0,bank_server_timeout,11,1,0,0.1,1
1499900,netbanking,high_value,5,2,generic_decline,11,2,1,0.72,0
99900,card,returning,22,6,otp_timeout,7,0,1,0.43,0
299900,upi,churned,11,2,insufficient_funds,6,3,0,0.07,0
499900,upi,returning,7,1,insufficient_funds,2,5,1,0.52,0
49900,wallet,churned,3,0,generic_decline,4,5,0,0.7,0
499900,netbanking,returning,11,5,card_expired,0,2,1,0.82,1
49900,card,returning,15,0,insufficient_funds,6,3,1,0.19,0
49900,wallet,high_value,6,1,ambiguous_timeout,7,0,1,0.36,0
999900,wallet,returning,17,3,insufficient_funds,3,5,1,0.73,0
49900,card,new,9,6,otp_timeout,1,5,1,0.97,1
1499900,wallet,high_value,8,2,generic_decline,7,3,0,0.59,0
49900,upi,churned,10,4,ambiguous_timeout,10,4,0,0.14,1
999900,wallet,new,11,3,card_expired,6,2,0,0.51,0
49900,card,new,1,2,bank_server_timeout,4,2,0,0.75,1
499900,netbanking,churned,20,0,otp_timeout,4,2,0,0.54,0
1499900,netbanking,new,3,5,otp_timeout,10,1,1,0.5,0
499900,wallet,high_value,13,3,card_expired,7,4,1,0.94,0
1499900,card,new,15,5,bank_server_timeout,0,0,0,0.48,1
1499900,upi,churned,14,2,otp_timeout,6,4,1,0.17,1
149900,wallet,high_value,23,3,insufficient_funds,2,3,1,0.28,0
149900,wallet,churned,20,4,insufficient_funds,1,2,0,0.2,0
499900,card,returning,2,0,card_expired,0,5,0,0.17,0
149900,card,high_value,3,0,bank_server_timeout,8,1,0,0.19,1
49900,upi,new,17,4,bank_server_timeout,4,1,1,0.73,0
999900,wallet,new,0,4,generic_decline,1,0,1,0.07,0
299900,wallet,returning,15,3,insufficient_funds,9,0,0,0.65,0
999900,netbanking,churned,8,4,otp_timeout,8,5,0,0.08,0
999900,upi,churned,8,0,card_expired,11,3,0,0.59,0
299900,wallet,returning,22,6,insufficient_funds,6,0,0,0.11,1
99900,upi,returning,7,1,otp_timeout,0,5,1,0.51,1
499900,card,new,3,6,otp_timeout,6,5,0,0.48,0
99900,netbanking,returning,9,4,ambiguous_timeout,11,0,1,0.16,1
49900,netbanking,churned,2,1,otp_timeout,10,4,0,1.0,0
499900,wallet,new,8,3,otp_timeout,7,1,0,0.08,0
299900,card,new,3,4,insufficient_funds,6,1,0,0.91,1
49900,card,returning,19,6,generic_decline,1,2,0,0.74,1
49900,netbanking,new,9,2,ambiguous_timeout,12,3,0,0.72,0
1499900,netbanking,churned,14,1,card_expired,5,5,0,0.16,0
999900,netbanking,high_value,17,1,otp_timeout,11,2,1,0.03,0
499900,upi,returning,11,5,generic_decline,7,0,1,0.44,0
499900,card,churned,0,4,ambiguous_timeout,12,5,1,0.16,0
149900,wallet,new,3,2,card_expired,6,1,0,0.5,0
999900,wallet,new,19,6,ambiguous_timeout,2,4,1,0.32,1
49900,upi,returning,7,2,bank_server_timeout,1,4,0,0.56,1
199900,card,returning,7,2,insufficient_funds,4,1,1,0.92,0
999900,card,new,5,6,card_expired,3,4,0,0.51,0
49900,card,returning,8,0,otp_timeout,9,5,0,0.27,0
499900,wallet,new,23,2,bank_server_timeout,12,3,0,0.36,1
299900,card,high_value,20,6,ambiguous_timeout,12,4,0,0.72,0
99900,wallet,high_value,15,3,bank_server_timeout,5,5,1,0.16,0
299900,upi,high_value,23,2,ambiguous_timeout,4,0,0,0.84,1
49900,wallet,new,19,5,generic_decline,6,5,1,0.42,1
499900,card,returning,13,6,card_expired,8,0,0,0.58,0
199900,upi,churned,6,1,otp_timeout,7,0,0,0.5,0
1499900,upi,churned,5,4,card_expired,2,4,1,0.89,0
499900,card,new,3,6,generic_decline,4,0,0,0.43,0
49900,wallet,returning,1,4,generic_decline,3,2,0,0.06,1
1499900,wallet,high_value,8,0,otp_timeout,6,2,0,0.78,1
1499900,wallet,churned,20,2,otp_timeout,6,2,1,0.68,0
99900,upi,returning,1,5,generic_decline,0,3,0,0.68,0
1499900,card,high_value,12,1,ambiguous_timeout,4,1,1,0.49,0
149900,netbanking,high_value,2,4,otp_timeout,2,4,1,0.84,1
499900,card,new,14,5,card_expired,8,4,1,0.79,0
199900,card,high_value,7,5,generic_decline,10,0,1,0.59,0
149900,card,churned,6,1,generic_decline,8,0,0,0.4,0
999900,netbanking,returning,16,0,generic_decline,12,4,0,0.51,0
999900,wallet,new,6,0,otp_timeout,7,0,0,0.55,1
199900,wallet,churned,4,0,otp_timeout,3,0,1,0.69,0
499900,card,high_value,14,3,generic_decline,11,0,0,0.51,0
49900,card,churned,10,0,generic_decline,11,5,0,0.16,0
999900,upi,high_value,4,2,bank_server_timeout,11,3,1,0.76,0
199900,card,new,0,3,otp_timeout,2,2,0,0.48,1
299900,netbanking,high_value,16,3,ambiguous_timeout,2,4,1,0.13,1
149900,netbanking,returning,23,3,generic_decline,8,3,1,0.75,0
499900,upi,churned,3,3,generic_decline,7,4,0,0.49,1
499900,upi,high_value,13,0,generic_decline,9,3,1,0.54,1
99900,netbanking,new,18,6,generic_decline,6,5,1,0.22,0
99900,wallet,returning,5,6,bank_server_timeout,10,2,1,0.68,1
199900,card,returning,8,1,bank_server_timeout,12,1,1,0.23,1
49900,netbanking,high_value,0,5,otp_timeout,0,5,0,0.66,0
299900,wallet,returning,2,0,otp_timeout,1,4,1,0.02,0
99900,netbanking,new,6,2,bank_server_timeout,2,2,1,0.08,0
299900,netbanking,new,9,6,bank_server_timeout,2,5,0,0.79,1
149900,upi,new,23,4,otp_timeout,10,2,0,0.69,1
149900,upi,high_value,10,6,generic_decline,6,3,0,0.96,0
999900,card,returning,2,3,insufficient_funds,6,1,0,0.1,0
499900,card,churned,12,4,bank_server_timeout,6,4,1,0.6,1
99900,upi,new,2,2,otp_timeout,2,4,0,0.44,0
499900,wallet,returning,2,5,bank_server_timeout,4,2,0,0.18,0
499900,wallet,new,13,6,generic_decline,7,2,0,0.03,0
149900,upi,returning,3,2,card_expired,11,4,1,0.28,0
99900,upi,churned,9,3,otp_timeout,12,2,0,0.63,1
199900,wallet,returning,23,3,generic_decline,0,1,1,0.79,0
149900,upi,high_value,17,2,generic_decline,5,0,1,0.27,0
999900,upi,returning,14,6,bank_server_timeout,0,3,1,0.38,1
149900,card,churned,20,4,card_expired,0,0,0,0.54,1
999900,wallet,new,8,3,generic_decline,2,5,1,0.92,0
1499900,netbanking,high_value,14,1,bank_server_timeout,0,2,0,0.44,1
999900,netbanking,new,2,2,otp_timeout,9,4,0,0.97,1
299900,wallet,churned,9,0,insufficient_funds,11,1,1,0.18,0
1499900,netbanking,new,18,4,otp_timeout,10,3,1,0.99,1
999900,wallet,churned,23,6,bank_server_timeout,1,0,1,0.81,1
999900,netbanking,churned,16,1,insufficient_funds,5,3,1,0.97,0
199900,netbanking,high_value,0,4,otp_timeout,11,4,0,0.3,1
499900,netbanking,new,17,1,insufficient_funds,5,1,1,0.36,0
99900,netbanking,returning,3,0,generic_decline,10,5,1,0.61,0
499900,upi,new,15,1,otp_timeout,7,5,0,0.6,1
149900,card,churned,20,1,ambiguous_timeout,5,3,0,0.08,0
999900,upi,new,1,0,ambiguous_timeout,2,1,0,0.19,0
1499900,upi,churned,11,6,otp_timeout,3,1,1,0.02,0
49900,upi,churned,3,4,insufficient_funds,2,5,0,0.42,0
99900,wallet,high_value,0,4,insufficient_funds,1,2,0,0.37,0
499900,netbanking,returning,17,1,insufficient_funds,8,2,0,0.8,0
499900,netbanking,new,13,2,generic_decline,10,0,0,0.22,0
999900,netbanking,new,22,6,generic_decline,6,3,1,0.97,0
1499900,wallet,new,10,1,otp_timeout,4,5,0,0.25,1
299900,upi,high_value,10,5,generic_decline,11,4,1,0.08,0
1499900,card,returning,17,4,generic_decline,10,4,1,0.91,0
999900,wallet,new,16,6,generic_decline,10,0,0,0.29,0
299900,wallet,new,12,1,generic_decline,8,4,0,0.4,0
299900,netbanking,high_value,7,4,otp_timeout,12,3,0,0.55,0
299900,wallet,returning,17,3,otp_timeout,7,2,1,0.39,0
499900,upi,new,9,0,ambiguous_timeout,1,5,0,0.08,1
1499900,netbanking,new,4,3,otp_timeout,3,2,0,0.39,1
1499900,netbanking,churned,7,6,ambiguous_timeout,5,5,0,0.28,0
49900,netbanking,new,22,4,ambiguous_timeout,1,5,1,0.59,0
149900,wallet,new,1,0,bank_server_timeout,4,3,0,0.1,0
499900,card,new,13,4,ambiguous_timeout,10,2,1,0.27,0
299900,upi,returning,21,2,bank_server_timeout,7,1,0,0.35,0
999900,upi,returning,8,3,ambiguous_timeout,4,0,1,0.06,0
299900,wallet,new,21,3,card_expired,0,2,1,0.85,0
99900,netbanking,churned,3,6,generic_decline,9,1,0,0.8,0
1499900,wallet,churned,1,5,otp_timeout,8,4,1,0.84,0
299900,upi,high_value,2,5,card_expired,0,0,1,0.23,0
499900,upi,new,4,3,insufficient_funds,3,2,0,0.99,1
999900,netbanking,new,0,0,otp_timeout,3,2,1,0.15,0
499900,upi,high_value,15,2,insufficient_funds,10,2,1,0.81,1
49900,wallet,high_value,12,0,bank_server_timeout,8,5,1,0.74,1
1499900,wallet,high_value,9,5,insufficient_funds,1,5,0,0.49,0
99900,netbanking,churned,8,5,generic_decline,4,0,0,0.06,0
49900,card,high_value,16,5,bank_server_timeout,3,1,1,0.06,1
49900,card,churned,13,3,ambiguous_timeout,6,1,1,0.47,1
1499900,card,new,20,1,card_expired,0,1,1,0.79,0
99900,card,high_value,5,1,insufficient_funds,1,2,0,0.99,1
199900,upi,churned,23,4,ambiguous_timeout,6,3,1,0.69,0
49900,netbanking,new,3,5,bank_server_timeout,10,3,0,0.79,0
49900,card,returning,10,5,bank_server_timeout,10,3,0,0.33,0
149900,card,new,9,3,otp_timeout,1,5,1,0.37,0
999900,upi,churned,6,1,generic_decline,12,2,0,0.95,0
499900,upi,churned,18,1,insufficient_funds,5,0,0,0.78,0
99900,upi,new,16,1,card_expired,2,1,1,0.21,0
299900,upi,churned,22,6,ambiguous_timeout,12,0,1,0.6,1
1499900,netbanking,returning,17,0,card_expired,4,3,0,0.29,0
499900,card,churned,3,4,card_expired,4,2,1,0.74,0
149900,netbanking,returning,20,4,insufficient_funds,11,0,0,0.47,0
49900,wallet,new,13,1,card_expired,8,5,0,0.17,0
199900,card,returning,8,1,bank_server_timeout,11,5,1,0.33,1
299900,card,returning,8,4,insufficient_funds,6,4,1,0.03,0
49900,netbanking,churned,14,0,bank_server_timeout,12,0,0,0.69,1
99900,wallet,new,15,3,generic_decline,8,2,1,0.37,0
99900,netbanking,high_value,2,4,generic_decline,11,4,1,0.83,0
49900,netbanking,returning,11,6,bank_server_timeout,3,4,1,0.89,1
1499900,card,high_value,7,1,insufficient_funds,3,4,0,0.44,0
99900,upi,returning,22,2,otp_timeout,0,1,0,0.09,1
999900,wallet,churned,14,1,bank_server_timeout,10,3,0,0.4,0
1499900,upi,churned,7,5,card_expired,7,2,0,0.91,0
999900,netbanking,high_value,0,1,ambiguous_timeout,11,2,0,0.84,1
999900,netbanking,churned,13,6,otp_timeout,8,2,1,0.11,1
499900,card,high_value,2,3,card_expired,3,4,0,0.4,0
49900,upi,churned,11,1,ambiguous_timeout,7,3,0,0.6,1
299900,wallet,high_value,17,4,otp_timeout,6,4,1,0.6,1
99900,wallet,new,15,0,otp_timeout,5,3,1,0.85,1
49900,netbanking,new,23,0,insufficient_funds,8,5,0,0.34,0
199900,netbanking,high_value,12,4,insufficient_funds,2,3,0,0.1,0
1499900,upi,new,22,2,generic_decline,8,1,0,0.93,0
499900,netbanking,returning,12,3,otp_timeout,0,1,1,0.49,0
299900,upi,new,3,4,generic_decline,1,0,0,0.46,0
999900,wallet,high_value,15,2,card_expired,9,4,1,0.09,0
199900,wallet,churned,1,5,insufficient_funds,7,2,1,0.02,0
199900,upi,high_value,12,6,card_expired,10,0,1,0.83,0
199900,upi,high_value,7,2,bank_server_timeout,2,1,0,0.66,1
99900,netbanking,churned,14,0,ambiguous_timeout,10,1,1,0.81,0
149900,upi,churned,8,0,otp_timeout,3,5,0,0.15,1
149900,card,high_value,23,5,otp_timeout,7,3,0,0.68,0
149900,netbanking,new,3,0,card_expired,6,4,0,0.23,0
149900,netbanking,high_value,10,2,insufficient_funds,3,0,0,0.5,0
299900,netbanking,high_value,8,2,insufficient_funds,0,4,1,0.21,0
199900,netbanking,returning,6,3,ambiguous_timeout,4,3,1,0.01,0
1499900,upi,churned,5,3,otp_timeout,2,4,0,0.21,0
999900,card,new,19,6,ambiguous_timeout,0,1,0,0.07,0
1499900,wallet,churned,3,4,otp_timeout,9,0,1,0.41,1
1499900,netbanking,returning,13,5,bank_server_timeout,5,0,0,0.86,1
199900,netbanking,high_value,5,0,generic_decline,7,2,0,0.02,1
1499900,netbanking,new,21,5,insufficient_funds,12,4,0,0.85,1
999900,wallet,new,8,1,insufficient_funds,3,3,0,0.02,0
49900,card,high_value,15,1,card_expired,3,3,1,0.31,0
199900,card,returning,4,1,card_expired,0,4,0,0.24,0
499900,netbanking,high_value,20,2,ambiguous_timeout,3,0,0,0.15,1
1499900,netbanking,high_value,20,5,ambiguous_timeout,7,2,0,0.98,1
499900,card,returning,0,6,insufficient_funds,7,5,1,0.79,0
149900,card,new,5,6,ambiguous_timeout,0,1,0,0.49,0
199900,wallet,returning,0,6,generic_decline,10,1,1,0.06,1
1499900,netbanking,churned,20,6,generic_decline,6,4,0,0.09,0
499900,upi,churned,0,3,bank_server_timeout,8,3,1,0.54,1
299900,card,returning,3,6,otp_timeout,4,3,1,0.92,0
299900,card,high_value,18,3,otp_timeout,6,3,0,0.96,1
99900,upi,returning,12,3,bank_server_timeout,2,1,0,0.85,1
1499900,wallet,returning,5,1,ambiguous_timeout,11,4,1,0.07,1
149900,netbanking,new,14,5,card_expired,2,3,1,0.99,0
299900,wallet,high_value,15,2,bank_server_timeout,12,3,1,0.59,1
999900,card,new,9,6,generic_decline,7,3,0,0.86,0
199900,netbanking,new,10,3,insufficient_funds,7,2,1,0.69,0
49900,wallet,churned,14,6,otp_timeout,6,1,1,0.61,1
99900,netbanking,churned,14,4,otp_timeout,1,2,1,0.87,1
299900,netbanking,churned,0,5,bank_server_timeout,10,2,0,0.12,1
49900,netbanking,returning,1,6,card_expired,8,5,0,0.33,0
299900,netbanking,churned,9,4,insufficient_funds,8,1,1,0.93,0
149900,upi,churned,22,1,card_expired,3,3,0,0.5,0
999900,wallet,returning,22,5,insufficient_funds,4,4,0,0.0,0
1499900,card,new,15,3,otp_timeout,5,0,0,0.75,1
149900,wallet,churned,12,1,otp_timeout,2,1,1,0.3,1
49900,upi,new,12,3,bank_server_timeout,7,3,0,0.33,1
299900,card,returning,17,3,card_expired,8,5,0,0.61,0
199900,netbanking,returning,23,3,ambiguous_timeout,4,5,0,0.78,0
1499900,card,high_value,7,5,insufficient_funds,7,2,1,0.6,0
199900,card,churned,5,6,insufficient_funds,2,5,1,0.9,0
499900,card,returning,4,0,card_expired,3,0,0,0.57,0
999900,upi,high_value,5,4,insufficient_funds,10,0,0,0.14,0
499900,upi,new,1,5,bank_server_timeout,1,3,1,0.82,0
99900,wallet,new,20,6,card_expired,10,5,0,0.32,0
999900,upi,new,10,2,insufficient_funds,0,1,1,0.62,0
499900,card,new,12,4,card_expired,1,2,1,0.94,1
499900,upi,new,5,1,card_expired,2,4,0,0.74,0
49900,card,high_value,3,4,card_expired,11,5,0,0.69,0
149900,wallet,returning,7,1,otp_timeout,11,3,0,0.03,1
999900,netbanking,high_value,19,4,generic_decline,7,5,0,0.65,0
99900,netbanking,new,17,2,generic_decline,10,4,0,0.96,0
999900,card,new,6,5,insufficient_funds,2,2,1,0.65,0
299900,netbanking,high_value,4,1,generic_decline,3,2,1,0.81,0
49900,card,new,17,1,otp_timeout,2,0,1,0.51,1
99900,wallet,high_value,17,2,otp_timeout,3,5,1,0.0,0
49900,card,churned,13,4,otp_timeout,0,1,0,0.81,0
99900,card,high_value,3,4,generic_decline,12,5,1,0.77,0
49900,netbanking,high_value,10,1,ambiguous_timeout,0,1,0,0.67,1
49900,netbanking,high_value,2,3,otp_timeout,8,3,0,0.22,0
1499900,wallet,high_value,19,4,insufficient_funds,3,2,0,0.45,1
999900,wallet,high_value,6,1,insufficient_funds,10,2,0,0.49,0
149900,wallet,new,2,6,card_expired,12,2,1,0.97,0
999900,card,high_value,6,0,insufficient_funds,12,4,0,0.57,0
99900,netbanking,churned,3,4,card_expired,10,2,1,0.35,0
499900,wallet,churned,14,5,generic_decline,8,1,1,0.07,0
999900,upi,churned,5,1,otp_timeout,2,0,0,0.33,0
199900,upi,new,7,5,card_expired,12,5,1,0.36,0
299900,upi,returning,16,3,card_expired,4,4,0,0.6,1
199900,wallet,high_value,13,5,card_expired,4,5,1,0.72,1
999900,upi,high_value,21,5,otp_timeout,10,3,1,0.8,0
149900,card,high_value,11,2,insufficient_funds,9,4,0,0.11,0
49900,wallet,churned,4,6,insufficient_funds,3,1,1,0.91,1
199900,card,new,12,3,ambiguous_timeout,7,2,0,0.37,0
149900,wallet,returning,10,4,otp_timeout,5,1,1,0.99,1
149900,card,high_value,7,6,generic_decline,12,2,1,0.8,0
1499900,card,high_value,23,0,generic_decline,4,3,0,0.36,0
299900,card,returning,1,3,otp_timeout,4,2,0,0.44,1
499900,upi,high_value,21,5,card_expired,4,1,1,0.38,0
199900,card,new,8,4,generic_decline,6,2,1,0.9,0
999900,wallet,churned,16,5,card_expired,6,4,1,1.0,0
99900,card,churned,20,5,generic_decline,6,0,0,0.59,0
299900,card,high_value,14,0,ambiguous_timeout,9,0,0,0.77,0
99900,wallet,new,5,2,otp_timeout,3,2,1,0.65,0
499900,netbanking,high_value,2,4,card_expired,0,1,1,0.56,0
999900,wallet,new,12,3,otp_timeout,0,1,0,0.38,1
499900,upi,returning,8,4,ambiguous_timeout,2,0,0,0.41,0
49900,wallet,high_value,5,2,bank_server_timeout,9,4,1,0.43,0
49900,wallet,churned,19,5,otp_timeout,5,2,1,0.34,0
999900,netbanking,high_value,21,1,otp_timeout,9,3,1,0.06,0
1499900,netbanking,returning,8,4,bank_server_timeout,11,3,1,0.09,1
149900,wallet,new,3,2,bank_server_timeout,9,3,1,0.57,0
149900,card,new,10,4,insufficient_funds,3,3,1,0.86,1
49900,card,returning,1,6,generic_decline,0,1,0,0.47,0
149900,wallet,returning,2,3,bank_server_timeout,5,0,0,0.91,0
499900,upi,high_value,8,6,insufficient_funds,1,2,1,0.64,0
49900,card,new,9,0,ambiguous_timeout,8,1,1,0.25,0
1499900,netbanking,returning,19,2,bank_server_timeout,0,5,0,0.65,1
99900,wallet,returning,4,0,otp_timeout,5,5,1,0.84,1
149900,wallet,high_value,4,1,generic_decline,2,5,1,0.31,1
99900,netbanking,high_value,16,2,bank_server_timeout,1,3,1,0.74,1
299900,card,returning,23,3,ambiguous_timeout,7,5,0,0.44,0
299900,netbanking,new,14,3,bank_server_timeout,4,2,1,0.23,1
499900,card,churned,23,3,generic_decline,1,5,1,0.36,0
999900,wallet,high_value,3,1,ambiguous_timeout,11,5,1,0.5,0
299900,upi,returning,5,6,card_expired,6,1,1,0.98,0
149900,netbanking,high_value,18,1,otp_timeout,10,3,0,0.39,0
999900,wallet,new,4,1,insufficient_funds,9,4,0,0.92,0
199900,card,new,21,3,otp_timeout,4,3,0,0.88,0
199900,card,churned,5,4,otp_timeout,12,4,1,0.88,1
999900,card,churned,12,0,insufficient_funds,7,0,0,0.86,0
99900,netbanking,churned,15,5,generic_decline,0,2,0,0.81,0
199900,netbanking,churned,20,3,card_expired,11,3,1,0.32,0
1499900,card,new,20,1,ambiguous_timeout,2,3,1,0.72,0
499900,wallet,returning,9,1,generic_decline,7,5,0,0.41,0
999900,netbanking,new,17,0,generic_decline,0,3,0,0.01,0
49900,card,churned,18,2,otp_timeout,3,5,0,0.26,0
999900,card,churned,7,0,ambiguous_timeout,2,3,1,0.92,0
149900,upi,churned,12,3,ambiguous_timeout,11,3,0,0.11,0
1499900,card,returning,23,4,card_expired,8,5,1,0.84,0
1499900,card,new,11,3,otp_timeout,3,1,1,0.69,1
99900,wallet,churned,12,3,card_expired,9,1,0,0.32,0
199900,netbanking,churned,13,6,insufficient_funds,9,4,1,0.46,0
1499900,netbanking,churned,18,6,card_expired,11,4,0,0.9,0
99900,upi,new,6,5,insufficient_funds,10,1,1,0.84,1
149900,wallet,new,0,6,card_expired,9,5,0,0.83,0
49900,wallet,returning,19,4,generic_decline,11,3,0,0.52,0
999900,upi,returning,8,3,bank_server_timeout,9,1,0,0.26,1
1499900,netbanking,high_value,1,3,insufficient_funds,9,0,1,0.46,0
149900,card,new,19,3,insufficient_funds,8,0,1,0.64,0
299900,netbanking,churned,19,3,generic_decline,3,1,1,0.56,0
99900,upi,returning,6,1,ambiguous_timeout,4,3,1,0.6,0
199900,card,churned,2,3,ambiguous_timeout,6,3,0,0.8,0
1499900,card,high_value,10,1,otp_timeout,9,3,1,0.93,0
499900,netbanking,churned,19,5,otp_timeout,12,1,1,0.86,1
199900,upi,high_value,10,4,ambiguous_timeout,1,5,0,0.85,0
999900,upi,high_value,17,1,ambiguous_timeout,1,3,0,0.9,1
99900,netbanking,returning,10,0,card_expired,5,3,1,0.31,0
99900,upi,new,17,6,bank_server_timeout,0,0,1,0.28,0
49900,netbanking,new,19,1,insufficient_funds,3,2,1,0.77,0
499900,card,new,10,1,ambiguous_timeout,6,4,1,0.37,0
499900,card,new,9,4,bank_server_timeout,0,4,0,0.67,1
999900,card,high_value,11,4,ambiguous_timeout,5,3,0,0.92,0
1499900,netbanking,new,23,3,insufficient_funds,4,5,1,0.73,0
299900,upi,returning,20,5,card_expired,5,5,1,0.48,0
199900,wallet,new,19,4,generic_decline,11,1,1,0.4,0
299900,card,returning,16,4,otp_timeout,1,0,1,0.64,1
99900,wallet,new,17,0,generic_decline,11,2,0,0.19,0
299900,card,new,1,0,insufficient_funds,3,2,1,0.81,0
999900,card,high_value,16,5,insufficient_funds,8,0,0,0.49,0
499900,upi,churned,13,2,insufficient_funds,12,1,0,0.77,0
149900,wallet,high_value,20,2,bank_server_timeout,1,1,1,0.45,0
99900,card,high_value,8,0,generic_decline,6,5,0,0.68,0
499900,card,new,4,3,otp_timeout,12,4,0,0.03,0
499900,upi,new,5,2,bank_server_timeout,8,1,0,0.6,0
99900,wallet,returning,5,3,generic_decline,9,4,0,0.88,0
499900,card,new,0,3,otp_timeout,2,5,0,0.95,0
299900,netbanking,high_value,16,3,bank_server_timeout,0,2,1,0.38,0
149900,card,churned,21,0,otp_timeout,3,3,1,0.45,1
49900,wallet,high_value,10,5,insufficient_funds,6,3,0,0.23,0
99900,upi,churned,0,6,ambiguous_timeout,11,4,1,0.68,0
99900,upi,new,22,6,ambiguous_timeout,5,5,1,0.41,1
199900,wallet,returning,15,0,bank_server_timeout,2,2,1,0.35,1
1499900,netbanking,high_value,9,5,card_expired,6,4,0,0.45,0
999900,card,new,6,5,card_expired,1,2,0,0.9,0
1499900,card,new,4,2,bank_server_timeout,12,3,0,0.34,0
299900,netbanking,returning,12,2,card_expired,8,0,1,0.55,0
